track_id,sample,init_time,lead_time_hours,lat,lon,minimum_sea_level_pressure_hpa,maximum_sustained_wind_speed_knots
EP12,17,2026-09-07 06:00:00,0,15.9,-163.4,988.0,83.0
EP12,17,2026-09-07 06:00:00,0,15.9,-163.4,988.0,83.0
EP12,17,2026-09-07 06:00:00,0,15.9,-163.4,988.0,83.0
EP13,17,2026-09-07 06:00:00,0,24.4,-123.7,993.0,55.0
EP13,17,2026-09-07 06:00:00,0,24.4,-123.7,993.0,55.0
WP22,17,2026-09-07 06:00:00,0,27.1,133.1,993.0,33.0
EP11,17,2026-09-07 06:00:00,0,23.1,-146.3,1004.0,45.0
EP12,17,2026-09-07 06:00:00,6,16.7,-162.9,957.0,62.0
EP12,17,2026-09-07 06:00:00,6,16.7,-162.9,957.0,62.0
EP13,17,2026-09-07 06:00:00,6,24.6,-124.4,988.0,41.0
WP22,17,2026-09-07 06:00:00,6,28.1,133.3,994.0,25.0
EP11,17,2026-09-07 06:00:00,6,23.3,-147.4,1002.0,33.0
EP12,17,2026-09-07 06:00:00,12,18.0,-162.3,963.0,58.0
EP12,17,2026-09-07 06:00:00,12,18.0,-162.3,963.0,58.0
EP13,17,2026-09-07 06:00:00,12,24.8,-125.2,990.0,36.0
WP22,17,2026-09-07 06:00:00,12,29.0,133.2,993.0,25.0
EP11,17,2026-09-07 06:00:00,12,23.4,-148.6,1005.0,30.0
EP12,17,2026-09-07 06:00:00,18,19.4,-161.9,967.0,50.0
EP12,17,2026-09-07 06:00:00,18,19.4,-161.9,967.0,50.0
EP13,17,2026-09-07 06:00:00,18,25.0,-126.0,993.0,33.0
WP22,17,2026-09-07 06:00:00,18,29.9,133.1,996.0,24.0
EP11,17,2026-09-07 06:00:00,18,23.7,-150.1,1006.0,29.0
EP12,17,2026-09-07 06:00:00,24,20.9,-161.2,976.0,50.0
EP13,17,2026-09-07 06:00:00,24,25.1,-126.7,997.0,30.0
WP22,17,2026-09-07 06:00:00,24,30.7,133.1,996.0,24.0
EP11,17,2026-09-07 06:00:00,24,24.2,-151.6,1009.0,28.0
EP12,17,2026-09-07 06:00:00,30,22.5,-160.8,982.0,45.0
EP13,17,2026-09-07 06:00:00,30,25.5,-127.5,999.0,27.0
WP22,17,2026-09-07 06:00:00,30,31.5,133.3,999.0,24.0
EP11,17,2026-09-07 06:00:00,30,25.3,-153.1,1009.0,30.0
EP12,17,2026-09-07 06:00:00,36,24.1,-160.6,988.0,41.0
EP13,17,2026-09-07 06:00:00,36,26.0,-128.1,1002.0,26.0
WP22,17,2026-09-07 06:00:00,36,32.4,133.7,999.0,25.0
EP11,17,2026-09-07 06:00:00,36,26.7,-154.9,1010.0,29.0
EP12,17,2026-09-07 06:00:00,42,25.3,-160.8,990.0,35.0
EP13,17,2026-09-07 06:00:00,42,26.7,-128.6,1001.0,25.0
WP22,17,2026-09-07 06:00:00,42,33.3,134.6,1003.0,25.0
EP11,17,2026-09-07 06:00:00,42,27.4,-158.5,999.0,35.0
EP12,17,2026-09-07 06:00:00,48,26.3,-161.1,995.0,35.0
EP13,17,2026-09-07 06:00:00,48,27.6,-129.0,1005.0,25.0
WP22,17,2026-09-07 06:00:00,48,34.1,136.2,1004.0,26.0
EP11,17,2026-09-07 06:00:00,48,26.5,-161.1,995.0,35.0
EP12,17,2026-09-07 06:00:00,54,27.0,-161.9,997.0,34.0
EP13,17,2026-09-07 06:00:00,54,28.9,-129.7,1006.0,25.0
WP22,17,2026-09-07 06:00:00,54,34.9,137.5,1009.0,26.0
EP11,17,2026-09-07 06:00:00,54,27.0,-161.9,997.0,34.0
EP12,17,2026-09-07 06:00:00,60,27.4,-162.9,1001.0,33.0
EP13,17,2026-09-07 06:00:00,60,30.2,-130.6,1010.0,24.0
WP22,17,2026-09-07 06:00:00,60,35.9,139.9,1011.0,24.0
EP11,17,2026-09-07 06:00:00,60,27.4,-162.9,1001.0,33.0
EP12,17,2026-09-07 06:00:00,66,27.7,-164.2,1002.0,31.0
EP13,17,2026-09-07 06:00:00,66,31.6,-131.5,1010.0,23.0
WP22,17,2026-09-07 06:00:00,66,37.4,144.5,1016.0,22.0
EP11,17,2026-09-07 06:00:00,66,27.6,-164.2,1002.0,31.0
EP12,17,2026-09-07 06:00:00,72,27.6,-165.5,1004.0,30.0
EP13,17,2026-09-07 06:00:00,72,32.7,-132.7,1014.0,22.0
WP22,17,2026-09-07 06:00:00,72,37.6,148.6,1015.0,17.0
EP11,17,2026-09-07 06:00:00,72,27.6,-165.5,1004.0,30.0
EP12,17,2026-09-07 06:00:00,78,27.5,-167.1,1005.0,29.0
EP13,17,2026-09-07 06:00:00,78,33.7,-134.1,1015.0,22.0
WP22,17,2026-09-07 06:00:00,78,37.6,151.5,1018.0,16.0
EP11,17,2026-09-07 06:00:00,78,27.5,-167.1,1005.0,29.0
EP12,17,2026-09-07 06:00:00,84,27.4,-168.6,1007.0,26.0
EP13,17,2026-09-07 06:00:00,84,34.0,-135.8,1018.0,21.0
WP22,17,2026-09-07 06:00:00,84,37.9,154.3,1018.0,16.0
EP11,17,2026-09-07 06:00:00,84,27.4,-168.6,1007.0,26.0
EP12,17,2026-09-07 06:00:00,90,27.3,-169.8,1007.0,24.0
EP13,17,2026-09-07 06:00:00,90,34.4,-137.6,1016.0,20.0
WP22,17,2026-09-07 06:00:00,90,39.3,157.7,1020.0,16.0
EP11,17,2026-09-07 06:00:00,90,27.3,-169.8,1007.0,24.0
EP12,17,2026-09-07 06:00:00,96,27.2,-170.9,1008.0,22.0
EP13,17,2026-09-07 06:00:00,96,34.0,-140.5,1017.0,20.0
WP22,17,2026-09-07 06:00:00,96,40.0,162.0,1019.0,18.0
EP11,17,2026-09-07 06:00:00,96,27.2,-170.9,1008.0,22.0
EP12,17,2026-09-07 06:00:00,102,27.0,-172.0,1008.0,21.0
EP13,17,2026-09-07 06:00:00,102,33.1,-144.5,1015.0,20.0
WP22,17,2026-09-07 06:00:00,102,40.9,167.8,1021.0,19.0
EP11,17,2026-09-07 06:00:00,102,27.0,-172.0,1008.0,21.0
EP12,17,2026-09-07 06:00:00,108,26.8,-173.0,1008.0,18.0
EP13,17,2026-09-07 06:00:00,108,31.4,-148.3,1015.0,16.0
WP22,17,2026-09-07 06:00:00,108,41.2,174.1,1018.0,22.0
EP11,17,2026-09-07 06:00:00,108,26.8,-173.0,1008.0,18.0
EP12,17,2026-09-07 06:00:00,114,26.7,-173.5,1008.0,18.0
EP13,17,2026-09-07 06:00:00,114,31.1,-149.7,1013.0,13.0
WP22,17,2026-09-07 06:00:00,114,41.9,177.4,1018.0,22.0
EP11,17,2026-09-07 06:00:00,114,26.7,-173.5,1008.0,18.0
EP12,17,2026-09-07 06:00:00,120,26.5,-173.8,1007.0,19.0
EP13,17,2026-09-07 06:00:00,120,30.7,-150.7,1014.0,11.0
WP22,17,2026-09-07 06:00:00,120,43.2,179.3,1016.0,24.0
EP11,17,2026-09-07 06:00:00,120,26.5,-173.8,1007.0,19.0
EP12,17,2026-09-07 06:00:00,126,26.4,-174.0,1008.0,18.0
WP22,17,2026-09-07 06:00:00,126,42.6,179.8,1016.0,23.0
EP11,17,2026-09-07 06:00:00,126,26.4,-174.0,1008.0,18.0
EP12,17,2026-09-07 06:00:00,132,26.3,-174.3,1008.0,18.0
WP22,17,2026-09-07 06:00:00,132,41.0,179.5,1015.0,24.0
EP11,17,2026-09-07 06:00:00,132,26.3,-174.3,1008.0,18.0
EP12,17,2026-09-07 06:00:00,138,26.2,-174.1,1008.0,18.0
WP22,17,2026-09-07 06:00:00,138,39.2,179.9,1014.0,22.0
EP11,17,2026-09-07 06:00:00,138,26.3,-174.1,1008.0,18.0
EP12,17,2026-09-07 06:00:00,144,25.9,-173.9,1007.0,18.0
WP22,17,2026-09-07 06:00:00,144,38.1,-179.6,1012.0,22.0
EP11,17,2026-09-07 06:00:00,144,25.9,-173.9,1007.0,18.0
EP12,17,2026-09-07 06:00:00,150,26.1,-173.5,1008.0,15.0
WP22,17,2026-09-07 06:00:00,150,37.0,-179.7,1012.0,19.0
EP11,17,2026-09-07 06:00:00,150,26.1,-173.5,1008.0,15.0
EP12,17,2026-09-07 06:00:00,156,26.1,-173.3,1008.0,13.0
WP22,17,2026-09-07 06:00:00,156,36.1,-179.3,1011.0,20.0
EP11,17,2026-09-07 06:00:00,156,26.1,-173.3,1008.0,13.0
WP22,17,2026-09-07 06:00:00,162,34.7,-179.9,1012.0,19.0
WP22,17,2026-09-07 06:00:00,168,33.3,-179.0,1011.0,18.0
EP12,1,2026-09-07 06:00:00,0,15.9,-163.3,989.0,83.0
EP12,1,2026-09-07 06:00:00,0,15.9,-163.3,989.0,83.0
EP12,1,2026-09-07 06:00:00,0,15.9,-163.3,989.0,83.0
EP13,1,2026-09-07 06:00:00,0,24.2,-123.8,992.0,53.0
EP13,1,2026-09-07 06:00:00,0,24.2,-123.8,992.0,53.0
WP22,1,2026-09-07 06:00:00,0,26.8,132.6,993.0,31.0
EP11,1,2026-09-07 06:00:00,0,22.8,-146.7,1005.0,42.0
EP12,1,2026-09-07 06:00:00,6,16.8,-162.8,959.0,56.0
EP12,1,2026-09-07 06:00:00,6,16.8,-162.8,959.0,56.0
EP13,1,2026-09-07 06:00:00,6,24.4,-124.4,988.0,41.0
WP22,1,2026-09-07 06:00:00,6,27.7,133.1,994.0,24.0
EP11,1,2026-09-07 06:00:00,6,23.0,-148.1,1003.0,31.0
EP12,1,2026-09-07 06:00:00,12,18.0,-162.2,968.0,52.0
EP12,1,2026-09-07 06:00:00,12,18.0,-162.2,968.0,52.0
EP13,1,2026-09-07 06:00:00,12,24.8,-125.2,991.0,38.0
WP22,1,2026-09-07 06:00:00,12,28.7,133.0,994.0,24.0
EP11,1,2026-09-07 06:00:00,12,23.2,-149.3,1007.0,30.0
EP12,1,2026-09-07 06:00:00,18,19.5,-161.8,974.0,46.0
EP13,1,2026-09-07 06:00:00,18,25.1,-125.9,992.0,33.0
WP22,1,2026-09-07 06:00:00,18,29.8,132.6,997.0,24.0
EP11,1,2026-09-07 06:00:00,18,23.6,-150.9,1007.0,29.0
EP12,1,2026-09-07 06:00:00,24,20.8,-161.2,981.0,44.0
EP13,1,2026-09-07 06:00:00,24,25.3,-126.5,996.0,31.0
WP22,1,2026-09-07 06:00:00,24,30.7,132.3,996.0,23.0
EP11,1,2026-09-07 06:00:00,24,24.2,-152.5,1009.0,28.0
EP12,1,2026-09-07 06:00:00,30,22.2,-160.8,986.0,42.0
EP13,1,2026-09-07 06:00:00,30,25.8,-127.1,998.0,29.0
WP22,1,2026-09-07 06:00:00,30,31.4,132.2,999.0,24.0
EP11,1,2026-09-07 06:00:00,30,25.4,-153.9,1010.0,29.0
EP12,1,2026-09-07 06:00:00,36,23.5,-160.6,991.0,38.0
EP13,1,2026-09-07 06:00:00,36,26.5,-127.6,1001.0,28.0
WP22,1,2026-09-07 06:00:00,36,32.2,132.3,1000.0,29.0
EP11,1,2026-09-07 06:00:00,36,26.8,-155.8,1010.0,28.0
EP12,1,2026-09-07 06:00:00,42,24.6,-160.6,994.0,33.0
EP13,1,2026-09-07 06:00:00,42,27.4,-127.9,1001.0,26.0
WP22,1,2026-09-07 06:00:00,42,33.1,132.8,1004.0,31.0
EP11,1,2026-09-07 06:00:00,42,27.1,-159.4,1002.0,33.0
EP12,1,2026-09-07 06:00:00,48,25.4,-160.7,998.0,32.0
EP13,1,2026-09-07 06:00:00,48,28.4,-128.2,1005.0,25.0
WP22,1,2026-09-07 06:00:00,48,33.2,133.3,1005.0,29.0
EP11,1,2026-09-07 06:00:00,48,25.7,-160.8,998.0,32.0
EP12,1,2026-09-07 06:00:00,54,26.1,-161.4,1000.0,30.0
EP13,1,2026-09-07 06:00:00,54,29.7,-128.6,1007.0,24.0
WP22,1,2026-09-07 06:00:00,54,34.1,134.9,1009.0,25.0
EP11,1,2026-09-07 06:00:00,54,26.1,-161.4,1000.0,30.0
EP12,1,2026-09-07 06:00:00,60,26.5,-162.3,1003.0,30.0
EP13,1,2026-09-07 06:00:00,60,31.1,-129.3,1011.0,21.0
WP22,1,2026-09-07 06:00:00,60,35.4,136.8,1010.0,23.0
EP11,1,2026-09-07 06:00:00,60,26.5,-162.3,1003.0,30.0
EP12,1,2026-09-07 06:00:00,66,26.7,-163.5,1004.0,29.0
EP13,1,2026-09-07 06:00:00,66,32.4,-129.8,1012.0,18.0
WP22,1,2026-09-07 06:00:00,66,36.3,139.1,1014.0,23.0
EP11,1,2026-09-07 06:00:00,66,26.7,-163.5,1004.0,29.0
EP12,1,2026-09-07 06:00:00,72,26.6,-164.6,1005.0,27.0
EP13,1,2026-09-07 06:00:00,72,33.4,-130.6,1015.0,18.0
WP22,1,2026-09-07 06:00:00,72,36.7,141.9,1016.0,20.0
EP11,1,2026-09-07 06:00:00,72,26.6,-164.6,1005.0,27.0
EP12,1,2026-09-07 06:00:00,78,26.5,-166.1,1006.0,27.0
EP13,1,2026-09-07 06:00:00,78,34.2,-131.2,1016.0,17.0
WP22,1,2026-09-07 06:00:00,78,37.1,144.0,1018.0,17.0
EP11,1,2026-09-07 06:00:00,78,26.5,-166.1,1006.0,27.0
EP12,1,2026-09-07 06:00:00,84,26.4,-167.5,1008.0,25.0
EP13,1,2026-09-07 06:00:00,84,34.7,-131.6,1019.0,16.0
WP22,1,2026-09-07 06:00:00,84,38.0,146.6,1019.0,16.0
EP11,1,2026-09-07 06:00:00,84,26.4,-167.5,1008.0,25.0
EP12,1,2026-09-07 06:00:00,90,26.4,-168.7,1008.0,23.0
EP13,1,2026-09-07 06:00:00,90,35.0,-131.2,1017.0,14.0
WP22,1,2026-09-07 06:00:00,90,38.7,148.2,1019.0,17.0
EP11,1,2026-09-07 06:00:00,90,26.3,-168.7,1008.0,23.0
EP12,1,2026-09-07 06:00:00,96,26.2,-169.8,1008.0,21.0
EP13,1,2026-09-07 06:00:00,96,35.1,-130.5,1018.0,14.0
WP22,1,2026-09-07 06:00:00,96,39.6,150.1,1020.0,15.0
EP11,1,2026-09-07 06:00:00,96,26.2,-169.8,1008.0,21.0
EP12,1,2026-09-07 06:00:00,102,26.1,-170.9,1009.0,20.0
EP13,1,2026-09-07 06:00:00,102,35.3,-129.7,1016.0,14.0
EP11,1,2026-09-07 06:00:00,102,26.1,-170.9,1009.0,20.0
EP12,1,2026-09-07 06:00:00,108,26.2,-171.8,1009.0,18.0
EP13,1,2026-09-07 06:00:00,108,35.2,-128.8,1016.0,14.0
EP11,1,2026-09-07 06:00:00,108,26.2,-171.8,1009.0,18.0
EP12,1,2026-09-07 06:00:00,114,26.6,-172.3,1009.0,18.0
EP13,1,2026-09-07 06:00:00,114,35.0,-128.0,1014.0,15.0
EP11,1,2026-09-07 06:00:00,114,26.6,-172.3,1009.0,18.0
EP12,1,2026-09-07 06:00:00,120,27.0,-172.5,1008.0,18.0
EP11,1,2026-09-07 06:00:00,120,27.0,-172.5,1008.0,18.0
EP12,1,2026-09-07 06:00:00,126,28.9,-172.3,1008.0,24.0
EP11,1,2026-09-07 06:00:00,126,28.9,-172.3,1008.0,24.0
EP12,1,2026-09-07 06:00:00,132,31.4,-172.7,1007.0,26.0
EP11,1,2026-09-07 06:00:00,132,31.4,-172.7,1007.0,26.0
EP12,1,2026-09-07 06:00:00,138,31.9,-173.2,1006.0,27.0
EP11,1,2026-09-07 06:00:00,138,31.9,-173.2,1006.0,27.0
EP12,1,2026-09-07 06:00:00,144,31.8,-174.3,1006.0,25.0
EP11,1,2026-09-07 06:00:00,144,31.8,-174.3,1006.0,25.0
EP12,1,2026-09-07 06:00:00,150,31.6,-174.7,1006.0,19.0
EP11,1,2026-09-07 06:00:00,150,31.6,-174.7,1006.0,19.0
EP12,1,2026-09-07 06:00:00,156,31.6,-175.0,1006.0,17.0
EP11,1,2026-09-07 06:00:00,156,31.6,-175.0,1006.0,17.0
EP12,1,2026-09-07 06:00:00,162,31.7,-174.9,1006.0,16.0
EP11,1,2026-09-07 06:00:00,162,31.7,-174.9,1006.0,16.0
EP12,1,2026-09-07 06:00:00,168,31.8,-174.5,1006.0,16.0
EP11,1,2026-09-07 06:00:00,168,31.8,-174.5,1006.0,16.0
EP12,1,2026-09-07 06:00:00,174,32.4,-173.9,1007.0,18.0
EP11,1,2026-09-07 06:00:00,174,32.4,-173.9,1007.0,18.0
EP12,1,2026-09-07 06:00:00,180,33.2,-172.8,1006.0,20.0
EP11,1,2026-09-07 06:00:00,180,33.3,-172.8,1006.0,20.0
EP12,1,2026-09-07 06:00:00,186,34.7,-171.8,1007.0,24.0
EP11,1,2026-09-07 06:00:00,186,34.7,-171.7,1007.0,24.0
EP12,1,2026-09-07 06:00:00,192,36.2,-171.0,1007.0,28.0
EP11,1,2026-09-07 06:00:00,192,36.2,-171.0,1007.0,28.0
EP12,1,2026-09-07 06:00:00,198,37.4,-170.3,1009.0,27.0
EP11,1,2026-09-07 06:00:00,198,37.4,-170.3,1009.0,27.0
EP12,1,2026-09-07 06:00:00,204,38.7,-169.4,1012.0,25.0
EP11,1,2026-09-07 06:00:00,204,39.0,-169.1,1012.0,25.0
EP12,13,2026-09-07 06:00:00,0,15.9,-163.2,990.0,83.0
EP12,13,2026-09-07 06:00:00,0,15.9,-163.2,990.0,83.0
EP12,13,2026-09-07 06:00:00,0,15.9,-163.2,990.0,83.0
EP13,13,2026-09-07 06:00:00,0,24.2,-124.0,995.0,48.0
WP22,13,2026-09-07 06:00:00,0,27.1,132.7,993.0,37.0
EP11,13,2026-09-07 06:00:00,0,23.2,-146.5,1005.0,41.0
EP12,13,2026-09-07 06:00:00,6,16.9,-162.6,962.0,55.0
EP12,13,2026-09-07 06:00:00,6,16.9,-162.6,962.0,55.0
EP13,13,2026-09-07 06:00:00,6,24.5,-124.6,991.0,37.0
WP22,13,2026-09-07 06:00:00,6,28.0,132.9,992.0,27.0
EP11,13,2026-09-07 06:00:00,6,23.5,-147.7,1003.0,33.0
EP12,13,2026-09-07 06:00:00,12,18.1,-161.9,972.0,54.0
EP12,13,2026-09-07 06:00:00,12,18.1,-161.9,972.0,54.0
EP13,13,2026-09-07 06:00:00,12,24.8,-125.4,993.0,34.0
WP22,13,2026-09-07 06:00:00,12,29.0,132.8,992.0,25.0
EP11,13,2026-09-07 06:00:00,12,23.6,-149.1,1006.0,30.0
EP12,13,2026-09-07 06:00:00,18,19.5,-161.5,976.0,49.0
EP13,13,2026-09-07 06:00:00,18,25.0,-126.3,995.0,31.0
WP22,13,2026-09-07 06:00:00,18,29.9,132.6,995.0,24.0
EP11,13,2026-09-07 06:00:00,18,24.1,-150.7,1007.0,29.0
EP12,13,2026-09-07 06:00:00,24,20.7,-161.0,983.0,44.0
EP13,13,2026-09-07 06:00:00,24,25.2,-127.0,998.0,29.0
WP22,13,2026-09-07 06:00:00,24,30.8,132.6,995.0,25.0
EP11,13,2026-09-07 06:00:00,24,24.8,-152.3,1009.0,29.0
EP12,13,2026-09-07 06:00:00,30,22.3,-160.7,989.0,39.0
EP13,13,2026-09-07 06:00:00,30,25.7,-127.8,999.0,28.0
WP22,13,2026-09-07 06:00:00,30,31.8,132.9,998.0,25.0
EP11,13,2026-09-07 06:00:00,30,26.1,-154.0,1009.0,30.0
EP12,13,2026-09-07 06:00:00,36,23.7,-160.5,994.0,35.0
EP13,13,2026-09-07 06:00:00,36,26.3,-128.4,1002.0,27.0
WP22,13,2026-09-07 06:00:00,36,32.8,133.5,999.0,29.0
EP11,13,2026-09-07 06:00:00,36,27.7,-156.4,1010.0,29.0
EP12,13,2026-09-07 06:00:00,42,25.2,-160.5,996.0,32.0
EP13,13,2026-09-07 06:00:00,42,27.1,-128.7,1002.0,26.0
WP22,13,2026-09-07 06:00:00,42,34.0,135.0,1003.0,27.0
EP11,13,2026-09-07 06:00:00,42,28.7,-160.2,1005.0,31.0
EP12,13,2026-09-07 06:00:00,48,26.3,-160.9,1000.0,32.0
EP13,13,2026-09-07 06:00:00,48,28.0,-129.0,1005.0,25.0
WP22,13,2026-09-07 06:00:00,48,35.0,137.1,1004.0,26.0
EP11,13,2026-09-07 06:00:00,48,28.9,-163.0,1001.0,29.0
EP12,13,2026-09-07 06:00:00,54,27.4,-161.8,1002.0,32.0
EP13,13,2026-09-07 06:00:00,54,29.2,-129.6,1006.0,25.0
WP22,13,2026-09-07 06:00:00,54,35.4,139.4,1009.0,23.0
EP11,13,2026-09-07 06:00:00,54,27.7,-162.9,1002.0,32.0
EP12,13,2026-09-07 06:00:00,60,28.2,-163.0,1004.0,31.0
EP13,13,2026-09-07 06:00:00,60,30.6,-130.3,1010.0,23.0
WP22,13,2026-09-07 06:00:00,60,37.2,143.6,1011.0,24.0
EP11,13,2026-09-07 06:00:00,60,28.2,-163.0,1004.0,31.0
EP12,13,2026-09-07 06:00:00,66,28.7,-164.3,1005.0,30.0
EP13,13,2026-09-07 06:00:00,66,31.8,-131.0,1011.0,21.0
WP22,13,2026-09-07 06:00:00,66,38.1,148.5,1014.0,21.0
EP11,13,2026-09-07 06:00:00,66,28.7,-164.3,1005.0,30.0
EP12,13,2026-09-07 06:00:00,72,28.9,-165.8,1007.0,29.0
EP13,13,2026-09-07 06:00:00,72,32.8,-132.0,1014.0,21.0
WP22,13,2026-09-07 06:00:00,72,38.7,152.6,1014.0,18.0
EP11,13,2026-09-07 06:00:00,72,28.9,-165.8,1007.0,29.0
EP12,13,2026-09-07 06:00:00,78,28.9,-167.4,1008.0,27.0
EP13,13,2026-09-07 06:00:00,78,33.9,-132.8,1016.0,20.0
EP11,13,2026-09-07 06:00:00,78,28.9,-167.4,1008.0,27.0
EP12,13,2026-09-07 06:00:00,84,28.8,-168.8,1009.0,24.0
EP13,13,2026-09-07 06:00:00,84,34.3,-134.1,1018.0,18.0
EP11,13,2026-09-07 06:00:00,84,28.8,-168.8,1009.0,24.0
EP12,13,2026-09-07 06:00:00,90,28.7,-170.0,1009.0,21.0
EP13,13,2026-09-07 06:00:00,90,34.7,-135.1,1018.0,17.0
EP11,13,2026-09-07 06:00:00,90,28.8,-170.0,1009.0,21.0
EP12,13,2026-09-07 06:00:00,96,28.6,-171.1,1009.0,19.0
EP13,13,2026-09-07 06:00:00,96,35.1,-136.0,1019.0,16.0
EP11,13,2026-09-07 06:00:00,96,28.6,-171.1,1009.0,19.0
EP12,13,2026-09-07 06:00:00,102,28.3,-172.1,1010.0,19.0
EP11,13,2026-09-07 06:00:00,102,28.3,-172.1,1010.0,19.0
EP12,13,2026-09-07 06:00:00,108,28.1,-173.0,1010.0,17.0
EP11,13,2026-09-07 06:00:00,108,28.1,-173.0,1010.0,17.0
EP12,13,2026-09-07 06:00:00,114,27.8,-173.6,1010.0,17.0
EP11,13,2026-09-07 06:00:00,114,27.8,-173.6,1010.0,17.0
EP12,13,2026-09-07 06:00:00,120,27.5,-174.4,1010.0,18.0
EP11,13,2026-09-07 06:00:00,120,27.3,-174.3,1010.0,18.0
EP12,13,2026-09-07 06:00:00,126,27.0,-175.2,1011.0,17.0
EP11,13,2026-09-07 06:00:00,126,27.0,-175.2,1011.0,17.0
EP12,13,2026-09-07 06:00:00,132,26.4,-176.1,1011.0,16.0
EP11,13,2026-09-07 06:00:00,132,26.6,-176.1,1011.0,16.0
EP12,13,2026-09-07 06:00:00,138,26.0,-176.8,1011.0,15.0
EP11,13,2026-09-07 06:00:00,138,26.2,-177.0,1011.0,16.0
EP12,13,2026-09-07 06:00:00,144,25.6,-177.9,1011.0,15.0
EP11,13,2026-09-07 06:00:00,144,25.6,-177.9,1011.0,15.0
EP12,13,2026-09-07 06:00:00,150,25.2,-178.9,1012.0,14.0
EP11,13,2026-09-07 06:00:00,150,25.2,-178.8,1012.0,14.0
EP12,13,2026-09-07 06:00:00,156,24.8,180.0,1012.0,12.0
EP11,13,2026-09-07 06:00:00,156,24.8,180.0,1012.0,12.0
EP12,2,2026-09-07 06:00:00,0,16.1,-163.5,991.0,69.0
EP12,2,2026-09-07 06:00:00,0,16.1,-163.5,991.0,69.0
EP12,2,2026-09-07 06:00:00,0,16.1,-163.5,991.0,69.0
EP13,2,2026-09-07 06:00:00,0,24.4,-123.6,995.0,52.0
EP13,2,2026-09-07 06:00:00,0,24.4,-123.6,995.0,52.0
WP22,2,2026-09-07 06:00:00,0,26.9,132.8,993.0,32.0
EP11,2,2026-09-07 06:00:00,0,23.0,-146.2,1004.0,45.0
EP12,2,2026-09-07 06:00:00,6,16.9,-163.2,972.0,55.0
EP12,2,2026-09-07 06:00:00,6,16.9,-163.2,972.0,55.0
EP13,2,2026-09-07 06:00:00,6,24.5,-124.2,989.0,40.0
WP22,2,2026-09-07 06:00:00,6,27.7,133.1,994.0,24.0
EP11,2,2026-09-07 06:00:00,6,23.0,-147.3,1002.0,32.0
EP12,2,2026-09-07 06:00:00,12,17.9,-162.6,976.0,45.0
EP13,2,2026-09-07 06:00:00,12,24.9,-124.9,992.0,36.0
WP22,2,2026-09-07 06:00:00,12,28.6,132.9,994.0,24.0
EP11,2,2026-09-07 06:00:00,12,23.2,-148.5,1005.0,30.0
EP12,2,2026-09-07 06:00:00,18,19.3,-162.2,981.0,43.0
EP13,2,2026-09-07 06:00:00,18,25.2,-125.7,994.0,31.0
WP22,2,2026-09-07 06:00:00,18,29.5,132.6,996.0,23.0
EP11,2,2026-09-07 06:00:00,18,23.6,-149.9,1006.0,29.0
EP12,2,2026-09-07 06:00:00,24,20.6,-161.7,986.0,40.0
EP13,2,2026-09-07 06:00:00,24,25.5,-126.4,998.0,29.0
WP22,2,2026-09-07 06:00:00,24,30.3,132.3,996.0,22.0
EP11,2,2026-09-07 06:00:00,24,24.1,-151.4,1009.0,29.0
EP12,2,2026-09-07 06:00:00,30,22.0,-161.4,987.0,40.0
EP13,2,2026-09-07 06:00:00,30,26.0,-127.1,999.0,28.0
WP22,2,2026-09-07 06:00:00,30,31.1,132.2,999.0,23.0
EP11,2,2026-09-07 06:00:00,30,24.9,-153.1,1009.0,29.0
EP12,2,2026-09-07 06:00:00,36,23.2,-161.2,993.0,35.0
EP13,2,2026-09-07 06:00:00,36,26.7,-127.6,1003.0,26.0
WP22,2,2026-09-07 06:00:00,36,31.9,132.2,999.0,29.0
EP11,2,2026-09-07 06:00:00,36,26.1,-154.4,1011.0,29.0
EP12,2,2026-09-07 06:00:00,42,24.3,-161.1,996.0,31.0
EP13,2,2026-09-07 06:00:00,42,27.6,-128.1,1003.0,25.0
WP22,2,2026-09-07 06:00:00,42,32.9,132.6,1003.0,31.0
EP11,2,2026-09-07 06:00:00,42,27.8,-156.4,1010.0,28.0
EP12,2,2026-09-07 06:00:00,48,25.2,-161.0,999.0,28.0
EP13,2,2026-09-07 06:00:00,48,28.6,-128.6,1006.0,25.0
WP22,2,2026-09-07 06:00:00,48,33.3,133.3,1004.0,30.0
EP11,2,2026-09-07 06:00:00,48,28.5,-159.7,1006.0,28.0
EP12,2,2026-09-07 06:00:00,54,25.9,-161.5,1001.0,29.0
EP13,2,2026-09-07 06:00:00,54,29.9,-129.2,1007.0,24.0
WP22,2,2026-09-07 06:00:00,54,34.4,135.0,1008.0,25.0
EP11,2,2026-09-07 06:00:00,54,27.2,-161.7,1001.0,29.0
EP12,2,2026-09-07 06:00:00,60,26.4,-162.3,1004.0,28.0
EP13,2,2026-09-07 06:00:00,60,31.3,-130.0,1012.0,21.0
WP22,2,2026-09-07 06:00:00,60,35.6,137.0,1010.0,24.0
EP11,2,2026-09-07 06:00:00,60,26.4,-162.3,1004.0,28.0
EP12,2,2026-09-07 06:00:00,66,26.8,-163.3,1004.0,27.0
EP13,2,2026-09-07 06:00:00,66,32.8,-130.9,1012.0,19.0
WP22,2,2026-09-07 06:00:00,66,36.4,140.1,1014.0,23.0
EP11,2,2026-09-07 06:00:00,66,26.8,-163.3,1004.0,27.0
EP12,2,2026-09-07 06:00:00,72,26.9,-164.4,1006.0,26.0
EP13,2,2026-09-07 06:00:00,72,34.1,-131.7,1015.0,20.0
WP22,2,2026-09-07 06:00:00,72,37.5,144.4,1016.0,20.0
EP11,2,2026-09-07 06:00:00,72,26.9,-164.4,1006.0,26.0
EP12,2,2026-09-07 06:00:00,78,27.0,-165.8,1007.0,26.0
EP13,2,2026-09-07 06:00:00,78,34.7,-133.1,1016.0,19.0
WP22,2,2026-09-07 06:00:00,78,38.0,147.1,1019.0,18.0
EP11,2,2026-09-07 06:00:00,78,27.0,-165.8,1007.0,26.0
EP12,2,2026-09-07 06:00:00,84,27.0,-167.2,1008.0,25.0
EP13,2,2026-09-07 06:00:00,84,35.3,-134.2,1018.0,18.0
WP22,2,2026-09-07 06:00:00,84,38.5,149.6,1020.0,16.0
EP11,2,2026-09-07 06:00:00,84,27.0,-167.2,1008.0,25.0
EP12,2,2026-09-07 06:00:00,90,27.2,-168.3,1008.0,23.0
WP22,2,2026-09-07 06:00:00,90,39.8,150.9,1022.0,17.0
EP11,2,2026-09-07 06:00:00,90,27.2,-168.3,1008.0,23.0
EP12,2,2026-09-07 06:00:00,96,27.2,-169.2,1008.0,21.0
EP11,2,2026-09-07 06:00:00,96,27.2,-169.2,1008.0,21.0
EP12,2,2026-09-07 06:00:00,102,27.4,-169.9,1009.0,21.0
EP11,2,2026-09-07 06:00:00,102,27.4,-169.9,1009.0,21.0
EP12,2,2026-09-07 06:00:00,108,27.9,-170.2,1008.0,19.0
EP11,2,2026-09-07 06:00:00,108,27.9,-170.3,1008.0,19.0
EP12,2,2026-09-07 06:00:00,114,28.5,-170.1,1008.0,19.0
EP11,2,2026-09-07 06:00:00,114,28.5,-170.0,1008.0,19.0
EP12,2,2026-09-07 06:00:00,120,29.2,-169.6,1007.0,21.0
EP11,2,2026-09-07 06:00:00,120,29.2,-169.6,1007.0,21.0
EP12,2,2026-09-07 06:00:00,126,30.5,-169.4,1007.0,24.0
EP11,2,2026-09-07 06:00:00,126,30.5,-169.4,1007.0,24.0
EP12,2,2026-09-07 06:00:00,132,31.1,-169.6,1007.0,25.0
EP11,2,2026-09-07 06:00:00,132,31.1,-169.6,1007.0,25.0
EP12,2,2026-09-07 06:00:00,138,32.0,-170.4,1007.0,25.0
EP11,2,2026-09-07 06:00:00,138,32.0,-170.4,1007.0,25.0
EP12,2,2026-09-07 06:00:00,144,32.3,-171.9,1007.0,22.0
EP11,2,2026-09-07 06:00:00,144,32.3,-171.9,1007.0,22.0
EP12,2,2026-09-07 06:00:00,150,32.2,-172.8,1007.0,18.0
EP11,2,2026-09-07 06:00:00,150,32.2,-172.8,1007.0,18.0
EP12,2,2026-09-07 06:00:00,156,32.1,-173.3,1007.0,15.0
EP11,2,2026-09-07 06:00:00,156,32.1,-173.3,1007.0,15.0
EP12,2,2026-09-07 06:00:00,162,32.2,-173.4,1007.0,16.0
EP11,2,2026-09-07 06:00:00,162,32.2,-173.4,1007.0,16.0
EP12,2,2026-09-07 06:00:00,168,32.0,-173.0,1007.0,16.0
EP11,2,2026-09-07 06:00:00,168,32.1,-173.3,1007.0,17.0
EP12,2,2026-09-07 06:00:00,174,31.5,-172.1,1007.0,15.0
EP11,2,2026-09-07 06:00:00,174,31.6,-172.1,1007.0,15.0
EP12,2,2026-09-07 06:00:00,180,32.2,-171.6,1007.0,21.0
EP11,2,2026-09-07 06:00:00,180,32.3,-171.6,1007.0,21.0
EP12,2,2026-09-07 06:00:00,186,34.9,-170.4,1006.0,26.0
EP11,2,2026-09-07 06:00:00,186,35.0,-170.3,1006.0,26.0
EP12,16,2026-09-07 06:00:00,0,16.1,-163.3,987.0,83.0
EP12,16,2026-09-07 06:00:00,0,16.1,-163.3,987.0,83.0
EP12,16,2026-09-07 06:00:00,0,16.1,-163.3,987.0,83.0
EP13,16,2026-09-07 06:00:00,0,24.3,-123.5,994.0,52.0
EP13,16,2026-09-07 06:00:00,0,24.3,-123.5,994.0,52.0
WP22,16,2026-09-07 06:00:00,0,27.1,133.1,992.0,34.0
EP11,16,2026-09-07 06:00:00,0,23.3,-146.4,1004.0,43.0
EP12,16,2026-09-07 06:00:00,6,16.9,-162.9,956.0,60.0
EP12,16,2026-09-07 06:00:00,6,16.9,-162.9,956.0,60.0
EP13,16,2026-09-07 06:00:00,6,24.5,-124.3,989.0,39.0
WP22,16,2026-09-07 06:00:00,6,28.1,133.3,992.0,26.0
EP11,16,2026-09-07 06:00:00,6,23.5,-147.5,1002.0,33.0
EP12,16,2026-09-07 06:00:00,12,18.0,-162.3,964.0,56.0
EP12,16,2026-09-07 06:00:00,12,18.0,-162.3,964.0,56.0
EP13,16,2026-09-07 06:00:00,12,24.8,-125.0,992.0,36.0
WP22,16,2026-09-07 06:00:00,12,29.0,133.0,992.0,25.0
EP11,16,2026-09-07 06:00:00,12,23.6,-148.9,1006.0,31.0
EP12,16,2026-09-07 06:00:00,18,19.3,-161.9,970.0,51.0
EP12,16,2026-09-07 06:00:00,18,19.3,-161.9,970.0,51.0
EP13,16,2026-09-07 06:00:00,18,25.1,-125.9,994.0,33.0
WP22,16,2026-09-07 06:00:00,18,29.9,132.8,994.0,25.0
EP11,16,2026-09-07 06:00:00,18,23.9,-150.4,1006.0,30.0
EP12,16,2026-09-07 06:00:00,24,20.7,-161.3,978.0,47.0
EP13,16,2026-09-07 06:00:00,24,25.2,-126.6,997.0,31.0
WP22,16,2026-09-07 06:00:00,24,30.7,132.8,994.0,25.0
EP11,16,2026-09-07 06:00:00,24,24.4,-152.1,1008.0,28.0
EP12,16,2026-09-07 06:00:00,30,22.4,-160.9,985.0,43.0
EP13,16,2026-09-07 06:00:00,30,25.6,-127.5,999.0,28.0
WP22,16,2026-09-07 06:00:00,30,31.6,133.2,997.0,25.0
EP11,16,2026-09-07 06:00:00,30,25.6,-153.6,1009.0,29.0
EP12,16,2026-09-07 06:00:00,36,23.9,-160.7,990.0,39.0
EP13,16,2026-09-07 06:00:00,36,26.2,-128.1,1002.0,27.0
WP22,16,2026-09-07 06:00:00,36,32.7,134.0,998.0,27.0
EP11,16,2026-09-07 06:00:00,36,27.1,-155.5,1010.0,29.0
EP12,16,2026-09-07 06:00:00,42,25.2,-160.7,992.0,35.0
EP13,16,2026-09-07 06:00:00,42,26.8,-128.6,1001.0,26.0
WP22,16,2026-09-07 06:00:00,42,33.9,135.8,1002.0,27.0
EP11,16,2026-09-07 06:00:00,42,27.6,-159.3,1000.0,35.0
EP12,16,2026-09-07 06:00:00,48,26.3,-160.8,997.0,34.0
EP13,16,2026-09-07 06:00:00,48,27.6,-129.0,1005.0,24.0
WP22,16,2026-09-07 06:00:00,48,34.9,137.9,1003.0,26.0
EP11,16,2026-09-07 06:00:00,48,26.5,-160.9,997.0,34.0
EP12,16,2026-09-07 06:00:00,54,27.1,-161.5,1000.0,32.0
EP13,16,2026-09-07 06:00:00,54,28.7,-129.6,1006.0,24.0
WP22,16,2026-09-07 06:00:00,54,35.9,142.1,1009.0,25.0
EP11,16,2026-09-07 06:00:00,54,27.1,-161.5,1000.0,32.0
EP12,16,2026-09-07 06:00:00,60,27.7,-162.5,1003.0,31.0
EP13,16,2026-09-07 06:00:00,60,30.0,-130.3,1010.0,23.0
WP22,16,2026-09-07 06:00:00,60,37.3,146.2,1010.0,24.0
EP11,16,2026-09-07 06:00:00,60,27.7,-162.5,1003.0,31.0
EP12,16,2026-09-07 06:00:00,66,27.9,-163.8,1004.0,30.0
EP13,16,2026-09-07 06:00:00,66,31.2,-131.1,1010.0,22.0
WP22,16,2026-09-07 06:00:00,66,38.7,150.7,1013.0,21.0
EP11,16,2026-09-07 06:00:00,66,27.9,-163.8,1004.0,30.0
EP12,16,2026-09-07 06:00:00,72,27.8,-165.1,1006.0,29.0
EP13,16,2026-09-07 06:00:00,72,32.2,-132.2,1013.0,21.0
WP22,16,2026-09-07 06:00:00,72,39.6,154.8,1014.0,19.0
EP11,16,2026-09-07 06:00:00,72,27.8,-165.1,1006.0,29.0
EP12,16,2026-09-07 06:00:00,78,27.7,-166.7,1007.0,28.0
EP13,16,2026-09-07 06:00:00,78,33.3,-133.4,1014.0,21.0
WP22,16,2026-09-07 06:00:00,78,40.6,158.1,1017.0,18.0
EP11,16,2026-09-07 06:00:00,78,27.7,-166.7,1007.0,28.0
EP12,16,2026-09-07 06:00:00,84,27.5,-168.4,1008.0,26.0
EP13,16,2026-09-07 06:00:00,84,33.6,-134.9,1017.0,20.0
WP22,16,2026-09-07 06:00:00,84,41.0,161.1,1018.0,18.0
EP11,16,2026-09-07 06:00:00,84,27.5,-168.4,1008.0,26.0
EP12,16,2026-09-07 06:00:00,90,27.5,-169.8,1008.0,24.0
EP13,16,2026-09-07 06:00:00,90,33.7,-136.3,1016.0,20.0
WP22,16,2026-09-07 06:00:00,90,41.3,163.9,1019.0,18.0
EP11,16,2026-09-07 06:00:00,90,27.5,-169.8,1008.0,24.0
EP12,16,2026-09-07 06:00:00,96,27.5,-170.9,1008.0,22.0
EP13,16,2026-09-07 06:00:00,96,33.4,-138.9,1017.0,20.0
WP22,16,2026-09-07 06:00:00,96,41.9,167.5,1018.0,20.0
EP11,16,2026-09-07 06:00:00,96,27.5,-170.9,1008.0,22.0
EP12,16,2026-09-07 06:00:00,102,27.6,-172.0,1009.0,22.0
WP22,16,2026-09-07 06:00:00,102,42.0,172.2,1018.0,21.0
EP11,16,2026-09-07 06:00:00,102,27.6,-172.0,1009.0,22.0
EP12,16,2026-09-07 06:00:00,108,27.9,-172.7,1008.0,21.0
WP22,16,2026-09-07 06:00:00,108,43.4,174.8,1017.0,23.0
EP11,16,2026-09-07 06:00:00,108,27.9,-172.7,1008.0,21.0
EP12,16,2026-09-07 06:00:00,114,28.5,-172.9,1008.0,21.0
WP22,16,2026-09-07 06:00:00,114,43.4,175.4,1017.0,24.0
EP11,16,2026-09-07 06:00:00,114,28.5,-173.0,1008.0,21.0
EP12,16,2026-09-07 06:00:00,120,30.1,-172.4,1007.0,25.0
WP22,16,2026-09-07 06:00:00,120,42.4,175.6,1015.0,25.0
EP11,16,2026-09-07 06:00:00,120,30.1,-172.4,1007.0,25.0
EP12,16,2026-09-07 06:00:00,126,32.1,-172.3,1006.0,29.0
WP22,16,2026-09-07 06:00:00,126,40.9,175.7,1015.0,24.0
EP11,16,2026-09-07 06:00:00,126,32.1,-172.4,1006.0,29.0
EP12,16,2026-09-07 06:00:00,132,33.0,-173.6,1005.0,29.0
WP22,16,2026-09-07 06:00:00,132,40.1,175.4,1014.0,23.0
EP11,16,2026-09-07 06:00:00,132,33.0,-173.6,1005.0,29.0
EP12,16,2026-09-07 06:00:00,138,33.5,-174.0,1004.0,29.0
WP22,16,2026-09-07 06:00:00,138,38.7,176.3,1012.0,22.0
EP11,16,2026-09-07 06:00:00,138,33.5,-174.0,1004.0,29.0
EP12,16,2026-09-07 06:00:00,144,33.2,-174.3,1004.0,22.0
EP11,16,2026-09-07 06:00:00,144,33.2,-174.3,1004.0,22.0
EP12,16,2026-09-07 06:00:00,150,33.3,-174.4,1004.0,20.0
EP11,16,2026-09-07 06:00:00,150,33.3,-174.4,1004.0,20.0
EP12,16,2026-09-07 06:00:00,156,33.5,-174.1,1004.0,18.0
EP11,16,2026-09-07 06:00:00,156,33.5,-174.1,1004.0,19.0
EP12,16,2026-09-07 06:00:00,162,33.7,-173.5,1004.0,22.0
EP11,16,2026-09-07 06:00:00,162,33.7,-173.5,1004.0,22.0
EP12,16,2026-09-07 06:00:00,168,35.1,-173.3,1003.0,21.0
EP11,16,2026-09-07 06:00:00,168,35.1,-173.3,1003.0,21.0
EP12,16,2026-09-07 06:00:00,174,37.4,-173.4,1002.0,25.0
EP11,16,2026-09-07 06:00:00,174,37.4,-173.4,1002.0,25.0
EP12,16,2026-09-07 06:00:00,180,40.5,-171.8,1001.0,27.0
EP11,16,2026-09-07 06:00:00,180,40.5,-171.8,1001.0,27.0
EP12,16,2026-09-07 06:00:00,186,44.2,-170.6,1001.0,29.0
EP11,16,2026-09-07 06:00:00,186,44.2,-170.6,1001.0,29.0
EP12,16,2026-09-07 06:00:00,192,47.4,-169.9,1003.0,28.0
EP11,16,2026-09-07 06:00:00,192,47.2,-169.7,1003.0,29.0
EP12,16,2026-09-07 06:00:00,198,50.2,-169.2,1005.0,30.0
EP11,16,2026-09-07 06:00:00,198,50.5,-169.2,1005.0,30.0
EP12,16,2026-09-07 06:00:00,204,52.6,-169.0,1007.0,28.0
EP11,16,2026-09-07 06:00:00,204,52.8,-168.7,1007.0,29.0
EP12,16,2026-09-07 06:00:00,210,55.0,-167.9,1009.0,28.0
EP11,16,2026-09-07 06:00:00,210,55.6,-167.7,1010.0,29.0
EP12,16,2026-09-07 06:00:00,216,56.9,-166.4,1012.0,29.0
EP12,16,2026-09-07 06:00:00,222,57.2,-166.1,1013.0,29.0
EP12,16,2026-09-07 06:00:00,228,57.2,-167.6,1010.0,26.0
EP12,16,2026-09-07 06:00:00,234,58.2,-168.5,1007.0,24.0
EP12,16,2026-09-07 06:00:00,240,59.4,-170.0,1004.0,24.0
EP12,27,2026-09-07 06:00:00,0,15.9,-163.3,989.0,79.0
EP12,27,2026-09-07 06:00:00,0,15.9,-163.3,989.0,79.0
EP12,27,2026-09-07 06:00:00,0,15.9,-163.3,989.0,79.0
EP13,27,2026-09-07 06:00:00,0,24.3,-123.8,994.0,52.0
EP13,27,2026-09-07 06:00:00,0,24.3,-123.8,994.0,52.0
WP22,27,2026-09-07 06:00:00,0,27.3,132.8,994.0,33.0
EP11,27,2026-09-07 06:00:00,0,23.1,-146.3,1003.0,46.0
EP12,27,2026-09-07 06:00:00,6,16.8,-162.8,964.0,60.0
EP12,27,2026-09-07 06:00:00,6,16.8,-162.8,964.0,60.0
EP13,27,2026-09-07 06:00:00,6,24.6,-124.3,989.0,45.0
WP22,27,2026-09-07 06:00:00,6,28.3,133.1,994.0,28.0
EP11,27,2026-09-07 06:00:00,6,23.2,-147.1,1002.0,37.0
EP12,27,2026-09-07 06:00:00,12,18.0,-162.2,971.0,58.0
EP12,27,2026-09-07 06:00:00,12,18.0,-162.2,971.0,58.0
EP13,27,2026-09-07 06:00:00,12,25.0,-124.9,990.0,42.0
WP22,27,2026-09-07 06:00:00,12,29.2,132.9,994.0,26.0
EP11,27,2026-09-07 06:00:00,12,23.3,-148.3,1005.0,34.0
EP12,27,2026-09-07 06:00:00,18,19.5,-161.8,973.0,57.0
EP12,27,2026-09-07 06:00:00,18,19.5,-161.8,973.0,57.0
EP13,27,2026-09-07 06:00:00,18,25.4,-125.6,991.0,37.0
WP22,27,2026-09-07 06:00:00,18,30.2,132.7,997.0,27.0
EP11,27,2026-09-07 06:00:00,18,23.6,-149.6,1005.0,31.0
EP12,27,2026-09-07 06:00:00,24,21.0,-161.2,975.0,58.0
EP12,27,2026-09-07 06:00:00,24,21.0,-161.2,975.0,58.0
EP13,27,2026-09-07 06:00:00,24,25.7,-126.2,996.0,33.0
WP22,27,2026-09-07 06:00:00,24,31.2,132.7,997.0,26.0
EP11,27,2026-09-07 06:00:00,24,24.1,-151.0,1008.0,31.0
EP12,27,2026-09-07 06:00:00,30,22.5,-161.0,980.0,51.0
EP12,27,2026-09-07 06:00:00,30,22.5,-161.0,980.0,51.0
EP13,27,2026-09-07 06:00:00,30,26.2,-126.7,997.0,31.0
WP22,27,2026-09-07 06:00:00,30,32.0,132.9,1000.0,27.0
EP11,27,2026-09-07 06:00:00,30,24.8,-152.5,1008.0,30.0
EP12,27,2026-09-07 06:00:00,36,24.1,-160.8,985.0,48.0
EP13,27,2026-09-07 06:00:00,36,27.0,-127.2,1001.0,29.0
WP22,27,2026-09-07 06:00:00,36,33.2,133.5,1001.0,30.0
EP11,27,2026-09-07 06:00:00,36,26.2,-153.7,1010.0,31.0
EP12,27,2026-09-07 06:00:00,42,25.5,-160.8,986.0,48.0
EP13,27,2026-09-07 06:00:00,42,27.9,-127.4,1002.0,29.0
WP22,27,2026-09-07 06:00:00,42,34.7,135.6,1004.0,26.0
EP11,27,2026-09-07 06:00:00,42,28.0,-155.4,1009.0,31.0
EP12,27,2026-09-07 06:00:00,48,26.5,-160.9,989.0,44.0
EP13,27,2026-09-07 06:00:00,48,28.9,-127.7,1006.0,27.0
WP22,27,2026-09-07 06:00:00,48,35.9,139.1,1004.0,26.0
EP11,27,2026-09-07 06:00:00,48,29.0,-158.7,1006.0,44.0
EP12,27,2026-09-07 06:00:00,54,27.3,-161.4,992.0,42.0
EP13,27,2026-09-07 06:00:00,54,30.1,-128.1,1007.0,25.0
WP22,27,2026-09-07 06:00:00,54,36.8,143.5,1011.0,25.0
EP11,27,2026-09-07 06:00:00,54,27.9,-161.3,992.0,42.0
EP12,27,2026-09-07 06:00:00,60,27.8,-162.1,996.0,40.0
EP13,27,2026-09-07 06:00:00,60,31.3,-128.7,1011.0,23.0
WP22,27,2026-09-07 06:00:00,60,38.3,147.8,1012.0,23.0
EP11,27,2026-09-07 06:00:00,60,27.8,-162.1,996.0,40.0
EP12,27,2026-09-07 06:00:00,66,28.1,-163.0,997.0,39.0
EP13,27,2026-09-07 06:00:00,66,32.5,-129.2,1012.0,19.0
WP22,27,2026-09-07 06:00:00,66,39.7,150.9,1015.0,17.0
EP11,27,2026-09-07 06:00:00,66,28.1,-163.0,997.0,39.0
EP12,27,2026-09-07 06:00:00,72,28.3,-164.0,1001.0,38.0
EP13,27,2026-09-07 06:00:00,72,33.4,-129.8,1015.0,17.0
WP22,27,2026-09-07 06:00:00,72,39.9,154.9,1016.0,17.0
EP11,27,2026-09-07 06:00:00,72,28.3,-164.0,1001.0,38.0
EP12,27,2026-09-07 06:00:00,78,28.4,-165.3,1002.0,35.0
EP13,27,2026-09-07 06:00:00,78,34.0,-130.2,1016.0,16.0
WP22,27,2026-09-07 06:00:00,78,40.5,159.4,1018.0,18.0
EP11,27,2026-09-07 06:00:00,78,28.4,-165.3,1002.0,35.0
EP12,27,2026-09-07 06:00:00,84,28.5,-166.7,1005.0,34.0
EP13,27,2026-09-07 06:00:00,84,34.4,-130.4,1018.0,16.0
WP22,27,2026-09-07 06:00:00,84,41.3,164.3,1016.0,22.0
EP11,27,2026-09-07 06:00:00,84,28.5,-166.7,1005.0,34.0
EP12,27,2026-09-07 06:00:00,90,28.8,-168.1,1006.0,32.0
EP13,27,2026-09-07 06:00:00,90,34.7,-130.5,1017.0,14.0
WP22,27,2026-09-07 06:00:00,90,43.1,169.9,1016.0,23.0
EP11,27,2026-09-07 06:00:00,90,28.8,-168.1,1006.0,32.0
EP12,27,2026-09-07 06:00:00,96,29.0,-169.2,1007.0,30.0
EP13,27,2026-09-07 06:00:00,96,34.8,-130.5,1017.0,14.0
WP22,27,2026-09-07 06:00:00,96,42.6,172.2,1016.0,25.0
EP11,27,2026-09-07 06:00:00,96,29.0,-169.2,1007.0,30.0
EP12,27,2026-09-07 06:00:00,102,29.3,-170.3,1008.0,28.0
EP13,27,2026-09-07 06:00:00,102,34.5,-129.3,1016.0,13.0
WP22,27,2026-09-07 06:00:00,102,42.2,173.1,1016.0,27.0
EP11,27,2026-09-07 06:00:00,102,29.3,-170.3,1008.0,28.0
EP12,27,2026-09-07 06:00:00,108,29.8,-171.1,1008.0,26.0
EP13,27,2026-09-07 06:00:00,108,34.3,-127.8,1016.0,13.0
WP22,27,2026-09-07 06:00:00,108,41.8,173.8,1016.0,29.0
EP11,27,2026-09-07 06:00:00,108,29.8,-171.1,1008.0,26.0
EP12,27,2026-09-07 06:00:00,114,30.4,-171.5,1008.0,25.0
EP13,27,2026-09-07 06:00:00,114,34.6,-126.1,1013.0,16.0
WP22,27,2026-09-07 06:00:00,114,41.4,174.2,1016.0,28.0
EP11,27,2026-09-07 06:00:00,114,30.4,-171.5,1008.0,25.0
EP12,27,2026-09-07 06:00:00,120,31.1,-171.5,1008.0,26.0
WP22,27,2026-09-07 06:00:00,120,40.9,174.9,1014.0,28.0
EP11,27,2026-09-07 06:00:00,120,31.1,-171.5,1008.0,26.0
EP12,27,2026-09-07 06:00:00,126,31.8,-171.3,1009.0,26.0
WP22,27,2026-09-07 06:00:00,126,40.9,175.6,1014.0,27.0
EP11,27,2026-09-07 06:00:00,126,31.8,-171.3,1009.0,26.0
EP12,27,2026-09-07 06:00:00,132,32.7,-170.7,1009.0,26.0
WP22,27,2026-09-07 06:00:00,132,40.6,176.4,1013.0,27.0
EP11,27,2026-09-07 06:00:00,132,32.7,-170.7,1009.0,26.0
EP12,27,2026-09-07 06:00:00,138,33.6,-170.0,1009.0,27.0
WP22,27,2026-09-07 06:00:00,138,40.2,177.3,1012.0,24.0
EP11,27,2026-09-07 06:00:00,138,33.6,-170.0,1009.0,27.0
EP12,27,2026-09-07 06:00:00,144,36.3,-170.5,1008.0,29.0
WP22,27,2026-09-07 06:00:00,144,39.6,178.4,1011.0,24.0
EP11,27,2026-09-07 06:00:00,144,36.3,-170.5,1008.0,29.0
EP12,27,2026-09-07 06:00:00,150,38.7,-170.7,1007.0,30.0
WP22,27,2026-09-07 06:00:00,150,39.3,179.9,1011.0,20.0
EP11,27,2026-09-07 06:00:00,150,38.7,-170.7,1007.0,30.0
EP12,27,2026-09-07 06:00:00,156,40.5,-170.5,1006.0,29.0
WP22,27,2026-09-07 06:00:00,156,39.0,-178.6,1011.0,19.0
EP11,27,2026-09-07 06:00:00,156,40.5,-170.5,1006.0,29.0
EP12,27,2026-09-07 06:00:00,162,42.6,-169.5,1004.0,29.0
WP22,27,2026-09-07 06:00:00,162,38.1,-177.3,1011.0,17.0
EP11,27,2026-09-07 06:00:00,162,42.6,-169.5,1004.0,29.0
EP12,27,2026-09-07 06:00:00,168,46.0,-168.1,1003.0,32.0
WP22,27,2026-09-07 06:00:00,168,38.2,-175.1,1012.0,16.0
EP11,27,2026-09-07 06:00:00,168,46.0,-168.1,1003.0,32.0
EP12,27,2026-09-07 06:00:00,174,50.6,-166.7,1001.0,34.0
WP22,27,2026-09-07 06:00:00,174,38.4,-173.3,1014.0,16.0
EP11,27,2026-09-07 06:00:00,174,50.6,-166.7,1001.0,34.0
EP12,27,2026-09-07 06:00:00,180,54.0,-165.7,1000.0,34.0
WP22,27,2026-09-07 06:00:00,180,39.6,-171.6,1016.0,15.0
EP11,27,2026-09-07 06:00:00,180,54.0,-165.7,1000.0,34.0
EP12,27,2026-09-07 06:00:00,186,57.0,-165.1,999.0,28.0
EP11,27,2026-09-07 06:00:00,186,57.0,-165.1,999.0,28.0
EP12,27,2026-09-07 06:00:00,192,58.6,-164.7,996.0,25.0
EP11,27,2026-09-07 06:00:00,192,58.6,-164.7,996.0,25.0
EP12,27,2026-09-07 06:00:00,198,59.9,-163.9,995.0,29.0
EP11,27,2026-09-07 06:00:00,198,59.9,-163.9,995.0,29.0
EP12,27,2026-09-07 06:00:00,204,61.4,-162.5,996.0,29.0
EP11,27,2026-09-07 06:00:00,204,61.4,-162.5,996.0,29.0
EP12,27,2026-09-07 06:00:00,210,63.0,-160.7,999.0,25.0
EP11,27,2026-09-07 06:00:00,210,63.0,-160.8,999.0,25.0
EP12,27,2026-09-07 06:00:00,216,64.4,-159.0,1003.0,25.0
EP11,27,2026-09-07 06:00:00,216,64.4,-159.0,1003.0,25.0
EP12,27,2026-09-07 06:00:00,222,65.5,-157.1,1008.0,21.0
EP11,27,2026-09-07 06:00:00,222,65.4,-157.1,1008.0,21.0
EP12,27,2026-09-07 06:00:00,228,65.5,-153.3,1013.0,20.0
EP11,27,2026-09-07 06:00:00,228,65.5,-153.3,1013.0,20.0
EP12,27,2026-09-07 06:00:00,234,66.1,-149.2,1015.0,15.0
EP11,27,2026-09-07 06:00:00,234,66.1,-149.2,1015.0,15.0
EP12,27,2026-09-07 06:00:00,240,67.7,-143.9,1013.0,11.0
EP11,27,2026-09-07 06:00:00,240,67.7,-143.9,1013.0,11.0
EP12,6,2026-09-07 06:00:00,0,16.0,-163.3,991.0,80.0
EP12,6,2026-09-07 06:00:00,0,16.0,-163.3,991.0,80.0
EP12,6,2026-09-07 06:00:00,0,16.0,-163.3,991.0,80.0
EP13,6,2026-09-07 06:00:00,0,24.2,-123.9,994.0,54.0
EP13,6,2026-09-07 06:00:00,0,24.2,-123.9,994.0,54.0
WP22,6,2026-09-07 06:00:00,0,27.3,132.7,993.0,36.0
EP11,6,2026-09-07 06:00:00,0,23.1,-146.3,1004.0,44.0
EP12,6,2026-09-07 06:00:00,6,16.9,-162.6,961.0,55.0
EP12,6,2026-09-07 06:00:00,6,16.9,-162.6,961.0,55.0
EP13,6,2026-09-07 06:00:00,6,24.3,-124.5,989.0,39.0
WP22,6,2026-09-07 06:00:00,6,28.1,132.7,992.0,26.0
EP11,6,2026-09-07 06:00:00,6,23.3,-147.3,1003.0,32.0
EP12,6,2026-09-07 06:00:00,12,18.0,-161.9,971.0,52.0
EP12,6,2026-09-07 06:00:00,12,18.0,-161.9,971.0,52.0
EP13,6,2026-09-07 06:00:00,12,24.6,-125.2,991.0,37.0
WP22,6,2026-09-07 06:00:00,12,28.9,132.6,992.0,25.0
EP11,6,2026-09-07 06:00:00,12,23.6,-148.5,1006.0,30.0
EP12,6,2026-09-07 06:00:00,18,19.4,-161.4,977.0,46.0
EP13,6,2026-09-07 06:00:00,18,24.8,-126.0,993.0,33.0
WP22,6,2026-09-07 06:00:00,18,29.8,132.5,995.0,23.0
EP11,6,2026-09-07 06:00:00,18,24.1,-150.0,1007.0,29.0
EP12,6,2026-09-07 06:00:00,24,20.7,-160.9,983.0,44.0
EP13,6,2026-09-07 06:00:00,24,25.0,-126.7,997.0,31.0
WP22,6,2026-09-07 06:00:00,24,30.7,132.5,995.0,24.0
EP11,6,2026-09-07 06:00:00,24,24.6,-151.5,1009.0,29.0
EP12,6,2026-09-07 06:00:00,30,21.9,-160.5,989.0,38.0
EP13,6,2026-09-07 06:00:00,30,25.5,-127.4,998.0,29.0
WP22,6,2026-09-07 06:00:00,30,31.5,132.6,999.0,24.0
EP11,6,2026-09-07 06:00:00,30,25.5,-153.1,1009.0,29.0
EP12,6,2026-09-07 06:00:00,36,23.0,-160.1,996.0,34.0
EP13,6,2026-09-07 06:00:00,36,26.1,-127.9,1001.0,28.0
WP22,6,2026-09-07 06:00:00,36,32.4,132.8,1000.0,30.0
EP11,6,2026-09-07 06:00:00,36,26.7,-154.8,1011.0,29.0
EP12,6,2026-09-07 06:00:00,42,23.9,-160.0,998.0,28.0
EP13,6,2026-09-07 06:00:00,42,26.9,-128.2,1001.0,27.0
WP22,6,2026-09-07 06:00:00,42,33.2,133.3,1003.0,31.0
EP11,6,2026-09-07 06:00:00,42,27.4,-157.5,1006.0,28.0
EP12,6,2026-09-07 06:00:00,48,24.4,-160.0,1001.0,26.0
EP13,6,2026-09-07 06:00:00,48,27.9,-128.6,1004.0,27.0
WP22,6,2026-09-07 06:00:00,48,33.2,133.7,1005.0,29.0
EP11,6,2026-09-07 06:00:00,48,26.9,-160.2,1003.0,26.0
EP12,6,2026-09-07 06:00:00,54,24.9,-160.5,1003.0,27.0
EP13,6,2026-09-07 06:00:00,54,29.2,-129.0,1006.0,25.0
WP22,6,2026-09-07 06:00:00,54,34.3,135.5,1009.0,25.0
EP11,6,2026-09-07 06:00:00,54,25.1,-160.6,1003.0,27.0
EP12,6,2026-09-07 06:00:00,60,25.3,-161.3,1005.0,26.0
EP13,6,2026-09-07 06:00:00,60,30.5,-129.7,1010.0,23.0
WP22,6,2026-09-07 06:00:00,60,35.8,136.8,1012.0,23.0
EP11,6,2026-09-07 06:00:00,60,25.3,-161.3,1005.0,26.0
EP12,6,2026-09-07 06:00:00,66,25.6,-162.2,1005.0,26.0
EP13,6,2026-09-07 06:00:00,66,31.8,-130.4,1010.0,20.0
WP22,6,2026-09-07 06:00:00,66,36.4,137.9,1015.0,21.0
EP11,6,2026-09-07 06:00:00,66,25.6,-162.2,1005.0,26.0
EP12,6,2026-09-07 06:00:00,72,25.6,-163.3,1006.0,26.0
EP13,6,2026-09-07 06:00:00,72,32.9,-131.2,1014.0,19.0
WP22,6,2026-09-07 06:00:00,72,37.3,138.5,1016.0,19.0
EP11,6,2026-09-07 06:00:00,72,25.6,-163.4,1006.0,26.0
EP12,6,2026-09-07 06:00:00,78,25.4,-164.7,1007.0,26.0
EP13,6,2026-09-07 06:00:00,78,34.0,-132.1,1015.0,18.0
WP22,6,2026-09-07 06:00:00,78,38.2,138.1,1018.0,11.0
EP11,6,2026-09-07 06:00:00,78,25.4,-164.7,1007.0,26.0
EP12,6,2026-09-07 06:00:00,84,25.2,-166.1,1008.0,25.0
EP13,6,2026-09-07 06:00:00,84,34.8,-133.1,1017.0,17.0
WP22,6,2026-09-07 06:00:00,84,38.2,138.1,1018.0,11.0
EP11,6,2026-09-07 06:00:00,84,25.2,-166.1,1008.0,25.0
EP12,6,2026-09-07 06:00:00,90,25.2,-167.4,1008.0,23.0
EP13,6,2026-09-07 06:00:00,90,35.4,-134.5,1017.0,17.0
EP11,6,2026-09-07 06:00:00,90,25.2,-167.4,1008.0,23.0
EP12,6,2026-09-07 06:00:00,96,25.1,-168.5,1008.0,22.0
EP13,6,2026-09-07 06:00:00,96,36.5,-135.0,1018.0,16.0
EP11,6,2026-09-07 06:00:00,96,25.1,-168.5,1008.0,22.0
EP12,6,2026-09-07 06:00:00,102,25.2,-169.8,1009.0,21.0
EP11,6,2026-09-07 06:00:00,102,25.2,-169.8,1009.0,21.0
EP12,6,2026-09-07 06:00:00,108,25.5,-170.9,1009.0,20.0
EP11,6,2026-09-07 06:00:00,108,25.5,-170.9,1009.0,20.0
EP12,6,2026-09-07 06:00:00,114,26.4,-171.7,1009.0,20.0
EP11,6,2026-09-07 06:00:00,114,26.4,-171.7,1009.0,20.0
EP12,6,2026-09-07 06:00:00,120,27.4,-171.9,1008.0,21.0
EP11,6,2026-09-07 06:00:00,120,27.4,-171.9,1008.0,21.0
EP12,6,2026-09-07 06:00:00,126,28.9,-172.1,1009.0,24.0
EP11,6,2026-09-07 06:00:00,126,28.9,-172.1,1009.0,24.0
EP12,6,2026-09-07 06:00:00,132,30.0,-172.5,1009.0,24.0
EP11,6,2026-09-07 06:00:00,132,30.0,-172.5,1009.0,24.0
EP12,6,2026-09-07 06:00:00,138,30.9,-174.2,1009.0,23.0
EP11,6,2026-09-07 06:00:00,138,30.9,-174.2,1009.0,23.0
EP12,5,2026-09-07 06:00:00,0,15.9,-163.3,990.0,83.0
EP12,5,2026-09-07 06:00:00,0,15.9,-163.3,990.0,83.0
EP12,5,2026-09-07 06:00:00,0,15.9,-163.3,990.0,83.0
EP13,5,2026-09-07 06:00:00,0,24.5,-123.7,994.0,52.0
EP13,5,2026-09-07 06:00:00,0,24.5,-123.7,994.0,52.0
WP22,5,2026-09-07 06:00:00,0,27.3,132.3,992.0,37.0
EP11,5,2026-09-07 06:00:00,0,23.4,-146.4,1005.0,41.0
EP12,5,2026-09-07 06:00:00,6,16.6,-162.8,962.0,59.0
EP12,5,2026-09-07 06:00:00,6,16.6,-162.8,962.0,59.0
EP13,5,2026-09-07 06:00:00,6,24.7,-124.4,987.0,41.0
WP22,5,2026-09-07 06:00:00,6,28.2,132.5,992.0,27.0
EP11,5,2026-09-07 06:00:00,6,23.6,-147.5,1002.0,32.0
EP12,5,2026-09-07 06:00:00,12,17.8,-162.2,967.0,52.0
EP12,5,2026-09-07 06:00:00,12,17.8,-162.2,967.0,52.0
EP13,5,2026-09-07 06:00:00,12,25.0,-125.1,991.0,37.0
WP22,5,2026-09-07 06:00:00,12,29.0,132.2,992.0,25.0
EP11,5,2026-09-07 06:00:00,12,23.8,-148.8,1006.0,31.0
EP12,5,2026-09-07 06:00:00,18,19.2,-161.8,972.0,49.0
EP13,5,2026-09-07 06:00:00,18,25.2,-125.9,993.0,32.0
WP22,5,2026-09-07 06:00:00,18,29.9,131.9,995.0,24.0
EP11,5,2026-09-07 06:00:00,18,24.2,-150.3,1007.0,29.0
EP12,5,2026-09-07 06:00:00,24,20.6,-161.1,979.0,47.0
EP13,5,2026-09-07 06:00:00,24,25.4,-126.5,997.0,30.0
WP22,5,2026-09-07 06:00:00,24,30.6,131.7,995.0,24.0
EP11,5,2026-09-07 06:00:00,24,24.7,-151.8,1009.0,29.0
EP12,5,2026-09-07 06:00:00,30,22.0,-160.8,985.0,44.0
EP13,5,2026-09-07 06:00:00,30,25.8,-127.3,999.0,27.0
WP22,5,2026-09-07 06:00:00,30,31.2,131.6,998.0,29.0
EP11,5,2026-09-07 06:00:00,30,25.6,-153.6,1009.0,29.0
EP12,5,2026-09-07 06:00:00,36,23.2,-160.5,991.0,37.0
EP13,5,2026-09-07 06:00:00,36,26.4,-127.8,1003.0,26.0
WP22,5,2026-09-07 06:00:00,36,31.8,131.5,999.0,30.0
EP11,5,2026-09-07 06:00:00,36,27.1,-155.4,1010.0,29.0
EP12,5,2026-09-07 06:00:00,42,24.4,-160.3,994.0,33.0
EP13,5,2026-09-07 06:00:00,42,27.2,-128.2,1002.0,25.0
WP22,5,2026-09-07 06:00:00,42,32.3,131.6,1002.0,33.0
EP11,5,2026-09-07 06:00:00,42,28.8,-158.2,1010.0,28.0
EP12,5,2026-09-07 06:00:00,48,25.3,-160.3,998.0,32.0
EP13,5,2026-09-07 06:00:00,48,28.0,-128.6,1006.0,24.0
WP22,5,2026-09-07 06:00:00,48,33.0,131.9,1004.0,33.0
EP11,5,2026-09-07 06:00:00,48,29.5,-161.0,1006.0,27.0
EP12,5,2026-09-07 06:00:00,54,26.2,-160.8,1000.0,32.0
EP13,5,2026-09-07 06:00:00,54,29.3,-129.2,1006.0,24.0
WP22,5,2026-09-07 06:00:00,54,33.3,132.0,1008.0,32.0
EP12,5,2026-09-07 06:00:00,60,26.8,-161.6,1002.0,30.0
EP13,5,2026-09-07 06:00:00,60,30.7,-130.0,1010.0,22.0
WP22,5,2026-09-07 06:00:00,60,33.5,131.8,1008.0,29.0
EP12,5,2026-09-07 06:00:00,66,27.3,-162.6,1003.0,30.0
EP13,5,2026-09-07 06:00:00,66,32.1,-130.8,1011.0,20.0
WP22,5,2026-09-07 06:00:00,66,34.3,131.9,1010.0,27.0
EP12,5,2026-09-07 06:00:00,72,27.3,-163.7,1005.0,29.0
EP13,5,2026-09-07 06:00:00,72,33.2,-131.8,1014.0,21.0
WP22,5,2026-09-07 06:00:00,72,34.9,131.8,1011.0,26.0
EP12,5,2026-09-07 06:00:00,78,27.3,-165.1,1006.0,28.0
EP13,5,2026-09-07 06:00:00,78,34.4,-132.7,1015.0,21.0
WP22,5,2026-09-07 06:00:00,78,35.7,132.6,1014.0,22.0
EP12,5,2026-09-07 06:00:00,84,27.3,-166.4,1008.0,26.0
EP13,5,2026-09-07 06:00:00,84,34.9,-134.2,1018.0,20.0
WP22,5,2026-09-07 06:00:00,84,36.7,134.4,1015.0,16.0
EP12,5,2026-09-07 06:00:00,90,27.3,-167.6,1008.0,24.0
WP22,5,2026-09-07 06:00:00,90,36.7,135.8,1017.0,14.0
EP12,5,2026-09-07 06:00:00,96,27.4,-168.7,1008.0,23.0
WP22,5,2026-09-07 06:00:00,96,36.7,137.6,1017.0,10.0
EP12,5,2026-09-07 06:00:00,102,27.5,-169.7,1009.0,23.0
WP22,5,2026-09-07 06:00:00,102,37.2,138.9,1021.0,11.0
EP12,5,2026-09-07 06:00:00,108,28.2,-170.5,1008.0,23.0
WP22,5,2026-09-07 06:00:00,108,38.5,142.5,1020.0,11.0
EP12,5,2026-09-07 06:00:00,114,29.4,-170.6,1008.0,23.0
WP22,5,2026-09-07 06:00:00,114,39.5,146.1,1022.0,10.0
EP12,5,2026-09-07 06:00:00,120,31.5,-170.7,1007.0,26.0
EP12,5,2026-09-07 06:00:00,126,32.7,-171.6,1007.0,27.0
EP12,5,2026-09-07 06:00:00,132,33.1,-173.8,1007.0,23.0
EP12,5,2026-09-07 06:00:00,138,32.0,-175.9,1008.0,15.0
EP12,5,2026-09-07 06:00:00,144,31.7,-176.3,1007.0,15.0
EP12,5,2026-09-07 06:00:00,150,31.5,-176.7,1008.0,14.0
EP12,5,2026-09-07 06:00:00,156,31.4,-176.8,1008.0,13.0
EP12,5,2026-09-07 06:00:00,162,31.4,-176.8,1008.0,14.0
EP12,5,2026-09-07 06:00:00,168,31.5,-176.7,1008.0,13.0
EP12,5,2026-09-07 06:00:00,174,31.7,-176.6,1009.0,13.0
EP12,5,2026-09-07 06:00:00,180,31.9,-176.0,1009.0,12.0
EP12,5,2026-09-07 06:00:00,186,32.1,-175.1,1010.0,17.0
EP12,5,2026-09-07 06:00:00,192,32.7,-173.9,1009.0,24.0
EP12,5,2026-09-07 06:00:00,198,33.9,-172.2,1010.0,28.0
EP12,3,2026-09-07 06:00:00,0,16.0,-163.4,988.0,81.0
EP12,3,2026-09-07 06:00:00,0,16.0,-163.4,988.0,81.0
EP12,3,2026-09-07 06:00:00,0,16.0,-163.4,988.0,81.0
EP13,3,2026-09-07 06:00:00,0,24.1,-123.9,996.0,47.0
WP22,3,2026-09-07 06:00:00,0,26.8,132.7,992.0,34.0
EP11,3,2026-09-07 06:00:00,0,22.9,-146.3,1005.0,41.0
EP12,3,2026-09-07 06:00:00,6,17.0,-162.8,960.0,56.0
EP12,3,2026-09-07 06:00:00,6,17.0,-162.8,960.0,56.0
EP13,3,2026-09-07 06:00:00,6,24.3,-124.5,991.0,37.0
WP22,3,2026-09-07 06:00:00,6,27.7,132.8,993.0,25.0
EP11,3,2026-09-07 06:00:00,6,23.1,-147.2,1002.0,31.0
EP12,3,2026-09-07 06:00:00,12,18.3,-162.3,973.0,51.0
EP12,3,2026-09-07 06:00:00,12,18.3,-162.3,973.0,51.0
EP13,3,2026-09-07 06:00:00,12,24.6,-125.2,994.0,35.0
WP22,3,2026-09-07 06:00:00,12,28.7,132.6,993.0,26.0
EP11,3,2026-09-07 06:00:00,12,23.2,-148.5,1006.0,29.0
EP12,3,2026-09-07 06:00:00,18,19.9,-161.9,976.0,45.0
EP13,3,2026-09-07 06:00:00,18,25.0,-126.0,995.0,31.0
WP22,3,2026-09-07 06:00:00,18,29.9,132.3,996.0,25.0
EP11,3,2026-09-07 06:00:00,18,23.6,-150.0,1006.0,29.0
EP12,3,2026-09-07 06:00:00,24,21.4,-161.4,982.0,46.0
EP13,3,2026-09-07 06:00:00,24,25.3,-126.7,999.0,29.0
WP22,3,2026-09-07 06:00:00,24,30.9,132.3,996.0,26.0
EP11,3,2026-09-07 06:00:00,24,24.1,-151.5,1009.0,28.0
EP12,3,2026-09-07 06:00:00,30,22.9,-161.2,988.0,40.0
EP13,3,2026-09-07 06:00:00,30,25.8,-127.5,1000.0,27.0
WP22,3,2026-09-07 06:00:00,30,32.0,132.5,999.0,26.0
EP11,3,2026-09-07 06:00:00,30,24.8,-153.2,1010.0,29.0
EP12,3,2026-09-07 06:00:00,36,24.3,-161.1,993.0,36.0
EP13,3,2026-09-07 06:00:00,36,26.4,-128.1,1003.0,26.0
WP22,3,2026-09-07 06:00:00,36,33.1,133.0,1000.0,29.0
EP11,3,2026-09-07 06:00:00,36,26.1,-154.4,1011.0,29.0
EP12,3,2026-09-07 06:00:00,42,25.5,-161.1,996.0,33.0
EP13,3,2026-09-07 06:00:00,42,27.2,-128.6,1003.0,26.0
WP22,3,2026-09-07 06:00:00,42,34.2,134.4,1004.0,28.0
EP11,3,2026-09-07 06:00:00,42,27.9,-156.2,1010.0,29.0
EP12,3,2026-09-07 06:00:00,48,26.5,-161.3,998.0,30.0
EP13,3,2026-09-07 06:00:00,48,28.1,-129.1,1006.0,25.0
WP22,3,2026-09-07 06:00:00,48,35.2,136.9,1005.0,25.0
EP11,3,2026-09-07 06:00:00,48,28.1,-159.7,1003.0,30.0
EP12,3,2026-09-07 06:00:00,54,27.5,-162.1,1001.0,31.0
EP13,3,2026-09-07 06:00:00,54,29.4,-129.7,1007.0,24.0
WP22,3,2026-09-07 06:00:00,54,35.3,138.6,1010.0,23.0
EP11,3,2026-09-07 06:00:00,54,27.5,-162.1,1001.0,31.0
EP12,3,2026-09-07 06:00:00,60,28.2,-163.2,1003.0,30.0
EP13,3,2026-09-07 06:00:00,60,30.8,-130.4,1011.0,23.0
WP22,3,2026-09-07 06:00:00,60,36.3,142.5,1013.0,23.0
EP11,3,2026-09-07 06:00:00,60,28.2,-163.2,1003.0,30.0
EP12,3,2026-09-07 06:00:00,66,28.6,-164.4,1004.0,28.0
EP13,3,2026-09-07 06:00:00,66,32.1,-131.1,1011.0,21.0
WP22,3,2026-09-07 06:00:00,66,37.7,147.7,1016.0,19.0
EP11,3,2026-09-07 06:00:00,66,28.6,-164.4,1004.0,28.0
EP12,3,2026-09-07 06:00:00,72,28.7,-165.7,1006.0,27.0
EP13,3,2026-09-07 06:00:00,72,33.2,-132.0,1015.0,20.0
WP22,3,2026-09-07 06:00:00,72,38.8,152.4,1016.0,18.0
EP11,3,2026-09-07 06:00:00,72,28.7,-165.7,1006.0,27.0
EP12,3,2026-09-07 06:00:00,78,28.7,-167.1,1007.0,27.0
EP13,3,2026-09-07 06:00:00,78,34.3,-132.7,1016.0,19.0
WP22,3,2026-09-07 06:00:00,78,39.9,157.0,1019.0,17.0
EP11,3,2026-09-07 06:00:00,78,28.7,-167.1,1007.0,26.0
EP12,3,2026-09-07 06:00:00,84,28.8,-168.5,1009.0,25.0
EP13,3,2026-09-07 06:00:00,84,34.7,-133.6,1019.0,18.0
WP22,3,2026-09-07 06:00:00,84,41.6,161.8,1019.0,19.0
EP11,3,2026-09-07 06:00:00,84,28.7,-168.5,1009.0,25.0
EP12,3,2026-09-07 06:00:00,90,28.9,-169.7,1009.0,23.0
EP13,3,2026-09-07 06:00:00,90,35.2,-134.1,1018.0,16.0
WP22,3,2026-09-07 06:00:00,90,42.8,167.5,1020.0,20.0
EP11,3,2026-09-07 06:00:00,90,28.9,-169.7,1009.0,23.0
EP12,3,2026-09-07 06:00:00,96,29.1,-170.6,1009.0,22.0
EP13,3,2026-09-07 06:00:00,96,35.6,-134.1,1020.0,15.0
WP22,3,2026-09-07 06:00:00,96,44.0,173.3,1019.0,20.0
EP11,3,2026-09-07 06:00:00,96,29.1,-170.6,1009.0,22.0
EP12,3,2026-09-07 06:00:00,102,29.4,-171.5,1010.0,22.0
WP22,3,2026-09-07 06:00:00,102,44.6,175.8,1020.0,21.0
EP11,3,2026-09-07 06:00:00,102,29.4,-171.5,1010.0,22.0
EP12,3,2026-09-07 06:00:00,108,30.1,-172.2,1010.0,22.0
WP22,3,2026-09-07 06:00:00,108,44.5,175.5,1019.0,21.0
EP11,3,2026-09-07 06:00:00,108,30.2,-172.2,1010.0,22.0
EP12,3,2026-09-07 06:00:00,114,31.8,-172.4,1010.0,24.0
WP22,3,2026-09-07 06:00:00,114,44.1,174.9,1021.0,21.0
EP11,3,2026-09-07 06:00:00,114,31.8,-172.4,1010.0,24.0
EP12,3,2026-09-07 06:00:00,120,33.2,-172.5,1009.0,25.0
WP22,3,2026-09-07 06:00:00,120,44.0,174.9,1021.0,21.0
EP11,3,2026-09-07 06:00:00,120,33.2,-172.5,1009.0,25.0
EP12,3,2026-09-07 06:00:00,126,33.8,-174.0,1009.0,26.0
WP22,3,2026-09-07 06:00:00,126,43.0,174.2,1019.0,21.0
EP11,3,2026-09-07 06:00:00,126,33.7,-174.0,1009.0,26.0
EP12,3,2026-09-07 06:00:00,132,33.3,-176.1,1009.0,18.0
WP22,3,2026-09-07 06:00:00,132,41.9,173.9,1016.0,21.0
EP11,3,2026-09-07 06:00:00,132,33.3,-176.1,1009.0,18.0
EP12,3,2026-09-07 06:00:00,138,33.2,-176.4,1010.0,16.0
WP22,3,2026-09-07 06:00:00,138,40.8,173.7,1015.0,21.0
EP11,3,2026-09-07 06:00:00,138,33.2,-176.4,1010.0,16.0
EP12,3,2026-09-07 06:00:00,144,33.0,-176.8,1009.0,16.0
WP22,3,2026-09-07 06:00:00,144,39.2,173.8,1013.0,22.0
EP11,3,2026-09-07 06:00:00,144,33.0,-176.8,1009.0,16.0
EP12,3,2026-09-07 06:00:00,150,32.8,-177.0,1010.0,14.0
WP22,3,2026-09-07 06:00:00,150,38.2,173.9,1013.0,23.0
EP11,3,2026-09-07 06:00:00,150,32.8,-177.0,1010.0,14.0
EP12,3,2026-09-07 06:00:00,156,32.5,-176.9,1009.0,13.0
WP22,3,2026-09-07 06:00:00,156,36.5,174.0,1012.0,22.0
EP11,3,2026-09-07 06:00:00,156,32.5,-176.9,1009.0,13.0
EP12,3,2026-09-07 06:00:00,162,32.3,-176.7,1010.0,13.0
WP22,3,2026-09-07 06:00:00,162,34.8,174.2,1012.0,22.0
EP11,3,2026-09-07 06:00:00,162,32.3,-176.7,1010.0,13.0
EP12,3,2026-09-07 06:00:00,168,32.3,-176.5,1009.0,12.0
WP22,3,2026-09-07 06:00:00,168,33.3,174.4,1011.0,21.0
EP11,3,2026-09-07 06:00:00,168,32.3,-176.5,1009.0,12.0
EP12,3,2026-09-07 06:00:00,174,32.6,-176.4,1010.0,14.0
WP22,3,2026-09-07 06:00:00,174,32.2,174.6,1012.0,21.0
EP11,3,2026-09-07 06:00:00,174,32.6,-176.4,1010.0,14.0
EP12,3,2026-09-07 06:00:00,180,32.9,-175.9,1010.0,15.0
WP22,3,2026-09-07 06:00:00,180,31.0,175.2,1011.0,20.0
EP11,3,2026-09-07 06:00:00,180,32.9,-175.9,1010.0,15.0
EP12,3,2026-09-07 06:00:00,186,33.8,-175.0,1010.0,19.0
EP11,3,2026-09-07 06:00:00,186,33.8,-175.0,1010.0,19.0
EP12,3,2026-09-07 06:00:00,192,36.3,-174.3,1009.0,24.0
EP11,3,2026-09-07 06:00:00,192,36.3,-174.3,1009.0,24.0
EP12,3,2026-09-07 06:00:00,198,39.6,-172.3,1009.0,26.0
EP11,3,2026-09-07 06:00:00,198,39.6,-172.3,1009.0,26.0
EP12,3,2026-09-07 06:00:00,204,43.0,-170.6,1009.0,25.0
EP11,3,2026-09-07 06:00:00,204,43.0,-170.6,1009.0,25.0
EP12,3,2026-09-07 06:00:00,210,46.0,-169.3,1010.0,27.0
EP11,3,2026-09-07 06:00:00,210,45.9,-169.3,1010.0,27.0
EP12,3,2026-09-07 06:00:00,216,49.2,-167.8,1011.0,27.0
EP11,3,2026-09-07 06:00:00,216,49.2,-167.8,1011.0,27.0
EP12,3,2026-09-07 06:00:00,222,52.2,-166.0,1012.0,28.0
EP11,3,2026-09-07 06:00:00,222,52.3,-165.9,1012.0,28.0
EP12,3,2026-09-07 06:00:00,228,54.6,-163.4,1013.0,28.0
EP11,3,2026-09-07 06:00:00,228,54.6,-163.4,1013.0,28.0
EP12,3,2026-09-07 06:00:00,234,56.9,-160.1,1015.0,27.0
EP11,3,2026-09-07 06:00:00,234,56.9,-160.1,1015.0,27.0
EP12,3,2026-09-07 06:00:00,240,59.0,-155.6,1015.0,26.0
EP11,3,2026-09-07 06:00:00,240,59.0,-155.7,1015.0,26.0
EP12,15,2026-09-07 06:00:00,0,15.8,-163.4,988.0,85.0
EP12,15,2026-09-07 06:00:00,0,15.8,-163.4,988.0,85.0
EP12,15,2026-09-07 06:00:00,0,15.8,-163.4,988.0,85.0
EP13,15,2026-09-07 06:00:00,0,24.1,-124.0,995.0,50.0
EP13,15,2026-09-07 06:00:00,0,24.1,-124.0,995.0,50.0
WP22,15,2026-09-07 06:00:00,0,27.2,132.4,994.0,31.0
EP11,15,2026-09-07 06:00:00,0,23.1,-146.5,1005.0,44.0
EP12,15,2026-09-07 06:00:00,6,16.6,-162.8,962.0,60.0
EP12,15,2026-09-07 06:00:00,6,16.6,-162.8,962.0,60.0
EP13,15,2026-09-07 06:00:00,6,24.4,-124.6,992.0,38.0
WP22,15,2026-09-07 06:00:00,6,27.9,132.7,994.0,23.0
EP11,15,2026-09-07 06:00:00,6,23.3,-147.7,1003.0,32.0
EP12,15,2026-09-07 06:00:00,12,17.9,-162.2,966.0,54.0
EP12,15,2026-09-07 06:00:00,12,17.9,-162.2,966.0,54.0
EP13,15,2026-09-07 06:00:00,12,24.6,-125.4,994.0,35.0
WP22,15,2026-09-07 06:00:00,12,28.8,132.8,994.0,24.0
EP11,15,2026-09-07 06:00:00,12,23.4,-149.0,1006.0,29.0
EP12,15,2026-09-07 06:00:00,18,19.4,-161.9,973.0,48.0
EP13,15,2026-09-07 06:00:00,18,24.9,-126.2,996.0,31.0
WP22,15,2026-09-07 06:00:00,18,29.9,132.8,997.0,23.0
EP11,15,2026-09-07 06:00:00,18,23.8,-150.5,1007.0,29.0
EP12,15,2026-09-07 06:00:00,24,20.7,-161.3,981.0,46.0
EP13,15,2026-09-07 06:00:00,24,25.2,-127.0,999.0,29.0
WP22,15,2026-09-07 06:00:00,24,31.0,132.9,997.0,24.0
EP11,15,2026-09-07 06:00:00,24,24.3,-152.2,1009.0,28.0
EP12,15,2026-09-07 06:00:00,30,22.1,-160.9,986.0,43.0
EP13,15,2026-09-07 06:00:00,30,25.7,-127.8,1000.0,27.0
WP22,15,2026-09-07 06:00:00,30,32.1,133.3,1000.0,25.0
EP11,15,2026-09-07 06:00:00,30,25.6,-153.8,1009.0,29.0
EP12,15,2026-09-07 06:00:00,36,23.5,-160.7,992.0,38.0
EP13,15,2026-09-07 06:00:00,36,26.4,-128.3,1003.0,25.0
WP22,15,2026-09-07 06:00:00,36,33.3,134.1,1001.0,26.0
EP11,15,2026-09-07 06:00:00,36,27.1,-155.9,1010.0,29.0
EP12,15,2026-09-07 06:00:00,42,24.8,-160.6,994.0,35.0
EP13,15,2026-09-07 06:00:00,42,27.3,-128.6,1002.0,25.0
WP22,15,2026-09-07 06:00:00,42,34.6,136.3,1005.0,25.0
EP11,15,2026-09-07 06:00:00,42,27.4,-159.6,1000.0,35.0
EP12,15,2026-09-07 06:00:00,48,26.0,-160.8,998.0,33.0
EP13,15,2026-09-07 06:00:00,48,28.4,-128.9,1006.0,25.0
WP22,15,2026-09-07 06:00:00,48,35.3,138.7,1005.0,25.0
EP11,15,2026-09-07 06:00:00,48,26.2,-161.1,998.0,33.0
EP12,15,2026-09-07 06:00:00,54,27.0,-161.6,1000.0,32.0
EP13,15,2026-09-07 06:00:00,54,29.8,-129.3,1007.0,24.0
WP22,15,2026-09-07 06:00:00,54,36.5,143.3,1010.0,24.0
EP11,15,2026-09-07 06:00:00,54,27.0,-161.6,1000.0,32.0
EP12,15,2026-09-07 06:00:00,60,27.8,-162.7,1003.0,31.0
EP13,15,2026-09-07 06:00:00,60,31.3,-129.7,1011.0,22.0
WP22,15,2026-09-07 06:00:00,60,37.6,147.0,1012.0,23.0
EP11,15,2026-09-07 06:00:00,60,27.8,-162.7,1003.0,31.0
EP12,15,2026-09-07 06:00:00,66,28.3,-163.9,1003.0,30.0
EP13,15,2026-09-07 06:00:00,66,32.9,-130.4,1011.0,19.0
WP22,15,2026-09-07 06:00:00,66,38.7,151.0,1014.0,20.0
EP11,15,2026-09-07 06:00:00,66,28.3,-163.9,1003.0,30.0
EP12,15,2026-09-07 06:00:00,72,28.5,-165.2,1005.0,29.0
EP13,15,2026-09-07 06:00:00,72,34.4,-131.1,1015.0,18.0
WP22,15,2026-09-07 06:00:00,72,40.3,155.0,1015.0,19.0
EP11,15,2026-09-07 06:00:00,72,28.5,-165.2,1005.0,29.0
EP12,15,2026-09-07 06:00:00,78,28.5,-166.7,1006.0,28.0
EP13,15,2026-09-07 06:00:00,78,35.1,-132.2,1016.0,18.0
WP22,15,2026-09-07 06:00:00,78,41.5,159.7,1018.0,18.0
EP11,15,2026-09-07 06:00:00,78,28.5,-166.7,1006.0,28.0
EP12,15,2026-09-07 06:00:00,84,28.5,-168.2,1008.0,25.0
EP13,15,2026-09-07 06:00:00,84,35.7,-132.9,1018.0,17.0
WP22,15,2026-09-07 06:00:00,84,42.9,165.6,1018.0,20.0
EP11,15,2026-09-07 06:00:00,84,28.5,-168.2,1008.0,25.0
EP12,15,2026-09-07 06:00:00,90,28.5,-169.5,1008.0,22.0
EP13,15,2026-09-07 06:00:00,90,36.3,-133.1,1018.0,15.0
WP22,15,2026-09-07 06:00:00,90,44.6,172.8,1018.0,22.0
EP11,15,2026-09-07 06:00:00,90,28.5,-169.5,1008.0,22.0
EP12,15,2026-09-07 06:00:00,96,28.5,-170.5,1008.0,21.0
EP13,15,2026-09-07 06:00:00,96,37.0,-132.9,1019.0,13.0
WP22,15,2026-09-07 06:00:00,96,46.4,177.9,1017.0,21.0
EP11,15,2026-09-07 06:00:00,96,28.5,-170.5,1008.0,21.0
EP12,15,2026-09-07 06:00:00,102,28.5,-171.6,1009.0,20.0
WP22,15,2026-09-07 06:00:00,102,48.6,-178.9,1018.0,20.0
EP11,15,2026-09-07 06:00:00,102,28.5,-171.6,1009.0,20.0
EP12,15,2026-09-07 06:00:00,108,28.5,-172.5,1010.0,18.0
WP22,15,2026-09-07 06:00:00,108,48.9,-176.6,1020.0,17.0
EP11,15,2026-09-07 06:00:00,108,28.5,-172.5,1010.0,18.0
EP12,15,2026-09-07 06:00:00,114,28.6,-173.0,1010.0,19.0
WP22,15,2026-09-07 06:00:00,114,49.1,-174.8,1022.0,16.0
EP11,15,2026-09-07 06:00:00,114,28.6,-173.0,1010.0,19.0
EP12,15,2026-09-07 06:00:00,120,28.5,-173.3,1009.0,19.0
EP11,15,2026-09-07 06:00:00,120,28.5,-173.3,1009.0,19.0
EP12,15,2026-09-07 06:00:00,126,28.1,-173.7,1010.0,18.0
EP11,15,2026-09-07 06:00:00,126,28.1,-173.7,1010.0,18.0
EP12,15,2026-09-07 06:00:00,132,28.1,-173.9,1010.0,17.0
EP11,15,2026-09-07 06:00:00,132,28.1,-173.9,1010.0,17.0
EP12,15,2026-09-07 06:00:00,138,28.4,-173.8,1010.0,16.0
EP11,15,2026-09-07 06:00:00,138,28.4,-173.8,1010.0,16.0
EP12,15,2026-09-07 06:00:00,144,28.6,-173.8,1010.0,16.0
EP11,15,2026-09-07 06:00:00,144,28.6,-173.8,1010.0,16.0
EP12,15,2026-09-07 06:00:00,150,28.5,-174.2,1011.0,14.0
EP11,15,2026-09-07 06:00:00,150,28.5,-174.3,1011.0,14.0
EP12,15,2026-09-07 06:00:00,156,28.4,-175.1,1010.0,13.0
EP11,15,2026-09-07 06:00:00,156,28.4,-175.1,1010.0,13.0
EP12,15,2026-09-07 06:00:00,162,28.4,-175.6,1011.0,13.0
EP11,15,2026-09-07 06:00:00,162,28.4,-175.6,1011.0,13.0
EP12,15,2026-09-07 06:00:00,168,28.3,-176.1,1011.0,12.0
EP11,15,2026-09-07 06:00:00,168,28.4,-176.1,1011.0,12.0
EP12,15,2026-09-07 06:00:00,174,28.1,-176.7,1012.0,13.0
EP11,15,2026-09-07 06:00:00,174,28.1,-176.7,1012.0,13.0
EP12,15,2026-09-07 06:00:00,180,28.9,-176.9,1012.0,11.0
EP11,15,2026-09-07 06:00:00,180,28.9,-176.9,1012.0,11.0
EP12,15,2026-09-07 06:00:00,186,29.4,-176.6,1014.0,13.0
EP11,15,2026-09-07 06:00:00,186,29.4,-176.6,1014.0,13.0
EP12,23,2026-09-07 06:00:00,0,16.0,-163.3,989.0,83.0
EP12,23,2026-09-07 06:00:00,0,16.0,-163.3,989.0,83.0
EP12,23,2026-09-07 06:00:00,0,16.0,-163.3,989.0,83.0
EP13,23,2026-09-07 06:00:00,0,24.4,-123.7,995.0,50.0
WP22,23,2026-09-07 06:00:00,0,27.1,132.7,994.0,31.0
EP11,23,2026-09-07 06:00:00,0,22.9,-146.4,1005.0,42.0
EP12,23,2026-09-07 06:00:00,6,16.8,-162.8,960.0,67.0
EP12,23,2026-09-07 06:00:00,6,16.8,-162.8,960.0,67.0
EP12,23,2026-09-07 06:00:00,6,16.8,-162.8,960.0,67.0
EP13,23,2026-09-07 06:00:00,6,24.7,-124.2,991.0,40.0
WP22,23,2026-09-07 06:00:00,6,28.1,133.0,994.0,26.0
EP11,23,2026-09-07 06:00:00,6,23.0,-147.4,1002.0,35.0
EP12,23,2026-09-07 06:00:00,12,18.0,-162.2,966.0,62.0
EP12,23,2026-09-07 06:00:00,12,18.0,-162.2,966.0,62.0
EP13,23,2026-09-07 06:00:00,12,25.0,-124.8,993.0,37.0
WP22,23,2026-09-07 06:00:00,12,29.2,133.0,994.0,27.0
EP11,23,2026-09-07 06:00:00,12,23.2,-148.6,1005.0,33.0
EP12,23,2026-09-07 06:00:00,18,19.5,-161.8,971.0,59.0
EP12,23,2026-09-07 06:00:00,18,19.5,-161.8,971.0,59.0
EP13,23,2026-09-07 06:00:00,18,25.3,-125.5,994.0,32.0
WP22,23,2026-09-07 06:00:00,18,30.4,132.8,996.0,27.0
EP11,23,2026-09-07 06:00:00,18,23.5,-149.9,1006.0,30.0
EP12,23,2026-09-07 06:00:00,24,21.0,-161.2,974.0,59.0
EP12,23,2026-09-07 06:00:00,24,21.0,-161.2,974.0,59.0
EP13,23,2026-09-07 06:00:00,24,25.6,-126.2,998.0,30.0
WP22,23,2026-09-07 06:00:00,24,31.5,132.8,996.0,26.0
EP11,23,2026-09-07 06:00:00,24,24.0,-151.4,1009.0,30.0
EP12,23,2026-09-07 06:00:00,30,22.6,-160.9,978.0,52.0
EP12,23,2026-09-07 06:00:00,30,22.6,-160.9,978.0,52.0
EP13,23,2026-09-07 06:00:00,30,26.0,-126.7,1000.0,28.0
WP22,23,2026-09-07 06:00:00,30,32.4,132.9,999.0,28.0
EP11,23,2026-09-07 06:00:00,30,25.0,-152.8,1008.0,29.0
EP12,23,2026-09-07 06:00:00,36,24.1,-160.7,983.0,50.0
EP12,23,2026-09-07 06:00:00,36,24.1,-160.7,983.0,50.0
EP13,23,2026-09-07 06:00:00,36,26.7,-127.1,1003.0,26.0
WP22,23,2026-09-07 06:00:00,36,33.4,133.5,1000.0,31.0
EP11,23,2026-09-07 06:00:00,36,26.4,-154.5,1010.0,30.0
EP12,23,2026-09-07 06:00:00,42,25.6,-160.6,985.0,48.0
EP13,23,2026-09-07 06:00:00,42,27.7,-127.4,1003.0,25.0
WP22,23,2026-09-07 06:00:00,42,34.8,135.6,1004.0,28.0
EP11,23,2026-09-07 06:00:00,42,27.2,-157.9,1000.0,48.0
EP12,23,2026-09-07 06:00:00,48,26.8,-160.7,989.0,45.0
EP13,23,2026-09-07 06:00:00,48,28.8,-127.6,1006.0,24.0
WP22,23,2026-09-07 06:00:00,48,36.0,139.1,1003.0,26.0
EP11,23,2026-09-07 06:00:00,48,26.8,-160.7,989.0,45.0
EP12,23,2026-09-07 06:00:00,54,27.7,-161.3,992.0,43.0
EP13,23,2026-09-07 06:00:00,54,30.1,-127.9,1007.0,23.0
WP22,23,2026-09-07 06:00:00,54,37.7,143.5,1010.0,25.0
EP11,23,2026-09-07 06:00:00,54,27.7,-161.3,992.0,43.0
EP12,23,2026-09-07 06:00:00,60,28.3,-162.2,997.0,41.0
EP13,23,2026-09-07 06:00:00,60,31.5,-128.3,1011.0,21.0
WP22,23,2026-09-07 06:00:00,60,39.1,147.9,1011.0,23.0
EP11,23,2026-09-07 06:00:00,60,28.3,-162.2,997.0,41.0
EP12,23,2026-09-07 06:00:00,66,28.7,-163.2,999.0,39.0
EP13,23,2026-09-07 06:00:00,66,32.8,-128.8,1012.0,17.0
WP22,23,2026-09-07 06:00:00,66,40.6,151.7,1014.0,18.0
EP11,23,2026-09-07 06:00:00,66,28.7,-163.2,999.0,39.0
EP12,23,2026-09-07 06:00:00,72,28.8,-164.2,1002.0,37.0
EP13,23,2026-09-07 06:00:00,72,33.8,-129.3,1015.0,16.0
EP11,23,2026-09-07 06:00:00,72,28.8,-164.2,1002.0,37.0
EP12,23,2026-09-07 06:00:00,78,28.8,-165.5,1004.0,34.0
EP13,23,2026-09-07 06:00:00,78,34.5,-129.4,1016.0,15.0
EP11,23,2026-09-07 06:00:00,78,28.8,-165.5,1004.0,34.0
EP12,23,2026-09-07 06:00:00,84,28.9,-166.7,1005.0,32.0
EP13,23,2026-09-07 06:00:00,84,35.1,-129.4,1018.0,14.0
EP11,23,2026-09-07 06:00:00,84,28.9,-166.7,1005.0,32.0
EP12,23,2026-09-07 06:00:00,90,29.1,-167.8,1006.0,29.0
EP13,23,2026-09-07 06:00:00,90,35.4,-128.8,1016.0,13.0
EP11,23,2026-09-07 06:00:00,90,29.1,-167.8,1006.0,29.0
EP12,23,2026-09-07 06:00:00,96,29.4,-168.6,1006.0,28.0
EP13,23,2026-09-07 06:00:00,96,35.4,-128.9,1018.0,14.0
EP11,23,2026-09-07 06:00:00,96,29.4,-168.6,1006.0,28.0
EP12,23,2026-09-07 06:00:00,102,29.9,-169.2,1006.0,29.0
EP11,23,2026-09-07 06:00:00,102,29.9,-169.2,1006.0,29.0
EP12,23,2026-09-07 06:00:00,108,31.4,-169.4,1006.0,31.0
EP11,23,2026-09-07 06:00:00,108,31.4,-169.4,1006.0,31.0
EP12,23,2026-09-07 06:00:00,114,33.2,-169.0,1005.0,33.0
EP11,23,2026-09-07 06:00:00,114,33.2,-169.0,1005.0,33.0
EP12,23,2026-09-07 06:00:00,120,34.5,-169.6,1005.0,35.0
EP11,23,2026-09-07 06:00:00,120,34.5,-169.6,1005.0,35.0
EP12,23,2026-09-07 06:00:00,126,35.8,-171.1,1005.0,34.0
EP11,23,2026-09-07 06:00:00,126,35.8,-171.1,1005.0,34.0
EP12,23,2026-09-07 06:00:00,132,36.6,-172.8,1006.0,30.0
EP11,23,2026-09-07 06:00:00,132,36.6,-172.8,1006.0,30.0
EP12,23,2026-09-07 06:00:00,138,37.1,-174.3,1007.0,22.0
EP11,23,2026-09-07 06:00:00,138,37.1,-174.3,1007.0,22.0
EP12,23,2026-09-07 06:00:00,144,37.6,-175.2,1007.0,16.0
EP11,23,2026-09-07 06:00:00,144,37.6,-175.2,1007.0,16.0
EP12,23,2026-09-07 06:00:00,150,39.0,-175.6,1008.0,16.0
EP11,23,2026-09-07 06:00:00,150,39.0,-175.6,1008.0,16.0
EP12,23,2026-09-07 06:00:00,156,40.9,-174.8,1008.0,16.0
EP11,23,2026-09-07 06:00:00,156,40.9,-174.8,1008.0,16.0
EP12,23,2026-09-07 06:00:00,162,43.8,-172.9,1008.0,19.0
EP11,23,2026-09-07 06:00:00,162,43.8,-172.8,1008.0,19.0
EP12,28,2026-09-07 06:00:00,0,15.9,-163.4,987.0,88.0
EP12,28,2026-09-07 06:00:00,0,15.9,-163.4,987.0,88.0
EP12,28,2026-09-07 06:00:00,0,15.9,-163.4,987.0,88.0
EP13,28,2026-09-07 06:00:00,0,24.3,-123.7,995.0,52.0
EP13,28,2026-09-07 06:00:00,0,24.3,-123.7,995.0,52.0
WP22,28,2026-09-07 06:00:00,0,27.2,132.6,994.0,33.0
EP11,28,2026-09-07 06:00:00,0,23.2,-146.5,1004.0,40.0
EP12,28,2026-09-07 06:00:00,6,16.7,-162.9,956.0,68.0
EP12,28,2026-09-07 06:00:00,6,16.7,-162.9,956.0,68.0
EP12,28,2026-09-07 06:00:00,6,16.7,-162.9,956.0,68.0
EP13,28,2026-09-07 06:00:00,6,24.4,-124.1,990.0,41.0
WP22,28,2026-09-07 06:00:00,6,28.1,132.8,994.0,28.0
EP11,28,2026-09-07 06:00:00,6,23.3,-147.5,1003.0,32.0
EP12,28,2026-09-07 06:00:00,12,18.0,-162.2,964.0,64.0
EP12,28,2026-09-07 06:00:00,12,18.0,-162.2,964.0,64.0
EP13,28,2026-09-07 06:00:00,12,24.9,-124.7,991.0,41.0
WP22,28,2026-09-07 06:00:00,12,28.9,132.6,994.0,26.0
EP11,28,2026-09-07 06:00:00,12,23.5,-148.8,1006.0,32.0
EP12,28,2026-09-07 06:00:00,18,19.4,-161.7,967.0,62.0
EP12,28,2026-09-07 06:00:00,18,19.4,-161.7,967.0,62.0
EP13,28,2026-09-07 06:00:00,18,25.2,-125.4,991.0,36.0
WP22,28,2026-09-07 06:00:00,18,29.8,132.4,997.0,26.0
EP11,28,2026-09-07 06:00:00,18,24.0,-150.2,1006.0,30.0
EP12,28,2026-09-07 06:00:00,24,20.9,-161.1,971.0,61.0
EP12,28,2026-09-07 06:00:00,24,20.9,-161.1,971.0,61.0
EP13,28,2026-09-07 06:00:00,24,25.5,-126.0,996.0,33.0
WP22,28,2026-09-07 06:00:00,24,30.6,132.2,997.0,26.0
EP11,28,2026-09-07 06:00:00,24,24.6,-151.8,1009.0,31.0
EP12,28,2026-09-07 06:00:00,30,22.4,-160.7,980.0,53.0
EP12,28,2026-09-07 06:00:00,30,22.4,-160.7,980.0,53.0
EP13,28,2026-09-07 06:00:00,30,26.0,-126.5,997.0,31.0
WP22,28,2026-09-07 06:00:00,30,31.3,132.2,1000.0,26.0
EP11,28,2026-09-07 06:00:00,30,25.7,-153.3,1009.0,30.0
EP12,28,2026-09-07 06:00:00,36,24.0,-160.5,986.0,47.0
EP13,28,2026-09-07 06:00:00,36,26.8,-126.9,1001.0,30.0
WP22,28,2026-09-07 06:00:00,36,32.3,132.5,1000.0,31.0
EP11,28,2026-09-07 06:00:00,36,27.3,-155.4,1010.0,30.0
EP12,28,2026-09-07 06:00:00,42,25.6,-160.2,989.0,47.0
EP13,28,2026-09-07 06:00:00,42,27.9,-127.1,1000.0,29.0
WP22,28,2026-09-07 06:00:00,42,33.6,133.2,1004.0,33.0
EP11,28,2026-09-07 06:00:00,42,27.8,-159.0,993.0,47.0
EP12,28,2026-09-07 06:00:00,48,27.1,-160.3,992.0,46.0
EP13,28,2026-09-07 06:00:00,48,29.1,-127.2,1005.0,28.0
WP22,28,2026-09-07 06:00:00,48,34.5,134.9,1005.0,28.0
EP11,28,2026-09-07 06:00:00,48,27.1,-160.3,992.0,46.0
EP12,28,2026-09-07 06:00:00,54,28.3,-161.0,994.0,46.0
EP13,28,2026-09-07 06:00:00,54,30.5,-127.5,1006.0,25.0
WP22,28,2026-09-07 06:00:00,54,35.3,136.9,1009.0,25.0
EP11,28,2026-09-07 06:00:00,54,28.3,-161.0,994.0,46.0
EP12,28,2026-09-07 06:00:00,60,29.2,-162.0,998.0,43.0
EP13,28,2026-09-07 06:00:00,60,32.0,-127.7,1011.0,21.0
WP22,28,2026-09-07 06:00:00,60,36.3,139.9,1012.0,23.0
EP11,28,2026-09-07 06:00:00,60,29.2,-162.0,998.0,43.0
EP12,28,2026-09-07 06:00:00,66,29.7,-163.2,1000.0,40.0
EP13,28,2026-09-07 06:00:00,66,33.4,-128.0,1011.0,16.0
WP22,28,2026-09-07 06:00:00,66,37.7,144.7,1014.0,21.0
EP11,28,2026-09-07 06:00:00,66,29.7,-163.1,1000.0,40.0
EP12,28,2026-09-07 06:00:00,72,30.0,-164.1,1002.0,37.0
EP13,28,2026-09-07 06:00:00,72,34.6,-128.4,1015.0,14.0
WP22,28,2026-09-07 06:00:00,72,38.1,147.8,1015.0,19.0
EP11,28,2026-09-07 06:00:00,72,30.0,-164.1,1002.0,37.0
EP12,28,2026-09-07 06:00:00,78,30.1,-165.3,1004.0,33.0
EP13,28,2026-09-07 06:00:00,78,35.4,-128.5,1015.0,14.0
WP22,28,2026-09-07 06:00:00,78,38.6,150.2,1017.0,18.0
EP11,28,2026-09-07 06:00:00,78,30.1,-165.3,1004.0,33.0
EP12,28,2026-09-07 06:00:00,84,30.2,-166.5,1006.0,31.0
EP13,28,2026-09-07 06:00:00,84,36.0,-128.5,1017.0,15.0
WP22,28,2026-09-07 06:00:00,84,39.9,151.6,1017.0,16.0
EP11,28,2026-09-07 06:00:00,84,30.2,-166.5,1006.0,31.0
EP12,28,2026-09-07 06:00:00,90,30.4,-167.5,1006.0,28.0
EP13,28,2026-09-07 06:00:00,90,36.4,-127.9,1015.0,15.0
WP22,28,2026-09-07 06:00:00,90,41.1,152.6,1018.0,17.0
EP11,28,2026-09-07 06:00:00,90,30.4,-167.5,1006.0,28.0
EP12,28,2026-09-07 06:00:00,96,30.7,-168.1,1007.0,28.0
EP13,28,2026-09-07 06:00:00,96,36.2,-127.3,1017.0,15.0
EP11,28,2026-09-07 06:00:00,96,30.7,-168.1,1007.0,28.0
EP12,28,2026-09-07 06:00:00,102,31.1,-168.4,1006.0,29.0
EP13,28,2026-09-07 06:00:00,102,35.4,-125.6,1015.0,14.0
EP11,28,2026-09-07 06:00:00,102,31.2,-168.4,1006.0,29.0
EP12,28,2026-09-07 06:00:00,108,32.6,-168.4,1006.0,33.0
EP13,28,2026-09-07 06:00:00,108,34.8,-124.6,1016.0,13.0
EP11,28,2026-09-07 06:00:00,108,32.8,-168.3,1006.0,33.0
EP12,28,2026-09-07 06:00:00,114,34.1,-168.3,1004.0,34.0
EP13,28,2026-09-07 06:00:00,114,35.1,-123.0,1009.0,18.0
EP11,28,2026-09-07 06:00:00,114,34.1,-168.3,1004.0,34.0
EP12,28,2026-09-07 06:00:00,120,35.3,-168.6,1004.0,37.0
EP13,28,2026-09-07 06:00:00,120,34.9,-121.8,1010.0,16.0
EP11,28,2026-09-07 06:00:00,120,35.3,-168.6,1004.0,37.0
EP12,28,2026-09-07 06:00:00,126,36.7,-169.9,1004.0,35.0
EP13,28,2026-09-07 06:00:00,126,34.7,-120.8,1012.0,15.0
EP11,28,2026-09-07 06:00:00,126,36.7,-169.9,1004.0,35.0
EP12,28,2026-09-07 06:00:00,132,36.6,-171.5,1004.0,30.0
EP13,28,2026-09-07 06:00:00,132,34.3,-119.5,1009.0,16.0
EP11,28,2026-09-07 06:00:00,132,36.6,-171.5,1004.0,30.0
EP12,28,2026-09-07 06:00:00,138,35.5,-171.8,1005.0,22.0
EP13,28,2026-09-07 06:00:00,138,35.4,-118.1,1004.0,22.0
EP11,28,2026-09-07 06:00:00,138,35.5,-171.8,1005.0,22.0
EP12,28,2026-09-07 06:00:00,144,35.5,-172.4,1005.0,23.0
EP13,28,2026-09-07 06:00:00,144,36.1,-117.7,1007.0,13.0
EP11,28,2026-09-07 06:00:00,144,35.5,-172.4,1005.0,23.0
EP12,28,2026-09-07 06:00:00,150,35.2,-172.7,1005.0,21.0
EP13,28,2026-09-07 06:00:00,150,36.3,-117.6,1008.0,10.0
EP11,28,2026-09-07 06:00:00,150,35.2,-172.7,1005.0,21.0
EP12,28,2026-09-07 06:00:00,156,35.0,-172.8,1006.0,19.0
EP13,28,2026-09-07 06:00:00,156,36.5,-117.2,1009.0,19.0
EP11,28,2026-09-07 06:00:00,156,35.0,-172.8,1006.0,19.0
EP12,28,2026-09-07 06:00:00,162,34.9,-172.6,1007.0,18.0
EP13,28,2026-09-07 06:00:00,162,36.7,-117.5,1003.0,21.0
EP11,28,2026-09-07 06:00:00,162,34.9,-172.7,1007.0,18.0
EP12,28,2026-09-07 06:00:00,168,35.0,-172.5,1008.0,16.0
EP13,28,2026-09-07 06:00:00,168,36.4,-117.1,1005.0,15.0
EP11,28,2026-09-07 06:00:00,168,35.1,-172.5,1008.0,16.0
EP12,28,2026-09-07 06:00:00,174,35.4,-172.2,1009.0,16.0
EP13,28,2026-09-07 06:00:00,174,36.4,-117.0,1007.0,13.0
EP11,28,2026-09-07 06:00:00,174,35.4,-172.2,1009.0,16.0
EP12,28,2026-09-07 06:00:00,180,36.1,-171.7,1009.0,16.0
EP13,28,2026-09-07 06:00:00,180,36.1,-117.0,1008.0,23.0
EP11,28,2026-09-07 06:00:00,180,36.1,-171.7,1009.0,16.0
EP12,28,2026-09-07 06:00:00,186,37.3,-171.1,1009.0,18.0
EP13,28,2026-09-07 06:00:00,186,36.3,-117.6,1003.0,23.0
EP11,28,2026-09-07 06:00:00,186,37.3,-171.1,1009.0,18.0
EP12,28,2026-09-07 06:00:00,192,39.1,-170.2,1009.0,24.0
EP13,28,2026-09-07 06:00:00,192,36.4,-117.0,1006.0,16.0
EP11,28,2026-09-07 06:00:00,192,39.1,-170.2,1009.0,24.0
EP12,28,2026-09-07 06:00:00,198,42.0,-168.3,1009.0,26.0
EP13,28,2026-09-07 06:00:00,198,36.4,-116.1,1009.0,12.0
EP11,28,2026-09-07 06:00:00,198,42.0,-168.3,1009.0,26.0
EP12,28,2026-09-07 06:00:00,204,43.7,-166.6,1009.0,28.0
EP13,28,2026-09-07 06:00:00,204,36.4,-115.4,1011.0,16.0
EP11,28,2026-09-07 06:00:00,204,43.7,-166.6,1009.0,28.0
EP12,28,2026-09-07 06:00:00,210,46.0,-164.4,1008.0,30.0
EP13,28,2026-09-07 06:00:00,210,35.9,-115.7,1008.0,15.0
EP11,28,2026-09-07 06:00:00,210,45.9,-164.5,1008.0,30.0
EP12,28,2026-09-07 06:00:00,216,48.0,-162.3,1008.0,30.0
EP11,28,2026-09-07 06:00:00,216,48.0,-162.3,1008.0,30.0
EP12,28,2026-09-07 06:00:00,222,50.2,-160.2,1008.0,30.0
EP11,28,2026-09-07 06:00:00,222,50.2,-160.2,1008.0,30.0
EP12,28,2026-09-07 06:00:00,228,50.8,-159.0,1007.0,31.0
EP11,28,2026-09-07 06:00:00,228,50.8,-159.0,1007.0,31.0
EP12,28,2026-09-07 06:00:00,234,51.1,-157.1,1005.0,33.0
EP11,28,2026-09-07 06:00:00,234,51.1,-157.1,1005.0,33.0
EP12,28,2026-09-07 06:00:00,240,52.8,-153.6,1005.0,34.0
EP11,28,2026-09-07 06:00:00,240,52.8,-153.6,1005.0,34.0
EP12,29,2026-09-07 06:00:00,0,15.9,-163.3,988.0,84.0
EP12,29,2026-09-07 06:00:00,0,15.9,-163.3,988.0,84.0
EP12,29,2026-09-07 06:00:00,0,15.9,-163.3,988.0,84.0
EP13,29,2026-09-07 06:00:00,0,24.4,-123.5,995.0,48.0
WP22,29,2026-09-07 06:00:00,0,26.8,132.9,993.0,32.0
EP11,29,2026-09-07 06:00:00,0,23.2,-146.5,1005.0,41.0
EP12,29,2026-09-07 06:00:00,6,16.9,-162.7,959.0,63.0
EP12,29,2026-09-07 06:00:00,6,16.9,-162.7,959.0,63.0
EP13,29,2026-09-07 06:00:00,6,24.7,-123.9,992.0,42.0
WP22,29,2026-09-07 06:00:00,6,27.6,133.5,993.0,28.0
EP11,29,2026-09-07 06:00:00,6,23.4,-147.5,1004.0,34.0
EP12,29,2026-09-07 06:00:00,12,18.2,-162.0,968.0,64.0
EP12,29,2026-09-07 06:00:00,12,18.2,-162.0,968.0,64.0
EP12,29,2026-09-07 06:00:00,12,18.2,-162.0,968.0,64.0
EP13,29,2026-09-07 06:00:00,12,25.0,-124.5,993.0,38.0
WP22,29,2026-09-07 06:00:00,12,28.8,133.4,992.0,29.0
EP11,29,2026-09-07 06:00:00,12,23.6,-148.7,1006.0,31.0
EP12,29,2026-09-07 06:00:00,18,19.9,-161.5,969.0,65.0
EP12,29,2026-09-07 06:00:00,18,19.9,-161.5,969.0,65.0
EP12,29,2026-09-07 06:00:00,18,19.9,-161.5,969.0,65.0
EP13,29,2026-09-07 06:00:00,18,25.4,-125.2,994.0,33.0
WP22,29,2026-09-07 06:00:00,18,30.1,133.2,995.0,29.0
EP11,29,2026-09-07 06:00:00,18,24.1,-150.1,1006.0,31.0
EP12,29,2026-09-07 06:00:00,24,21.5,-161.0,973.0,62.0
EP12,29,2026-09-07 06:00:00,24,21.5,-161.0,973.0,62.0
EP13,29,2026-09-07 06:00:00,24,25.8,-125.8,998.0,31.0
WP22,29,2026-09-07 06:00:00,24,31.3,133.0,994.0,29.0
EP11,29,2026-09-07 06:00:00,24,24.7,-151.6,1009.0,30.0
EP12,29,2026-09-07 06:00:00,30,23.2,-160.7,978.0,54.0
EP12,29,2026-09-07 06:00:00,30,23.2,-160.7,978.0,54.0
EP13,29,2026-09-07 06:00:00,30,26.3,-126.4,999.0,29.0
WP22,29,2026-09-07 06:00:00,30,32.4,133.2,997.0,29.0
EP11,29,2026-09-07 06:00:00,30,26.0,-153.0,1009.0,30.0
EP12,29,2026-09-07 06:00:00,36,25.0,-160.5,985.0,51.0
EP12,29,2026-09-07 06:00:00,36,25.0,-160.5,985.0,51.0
EP13,29,2026-09-07 06:00:00,36,27.0,-126.8,1003.0,27.0
WP22,29,2026-09-07 06:00:00,36,33.6,134.2,998.0,31.0
EP11,29,2026-09-07 06:00:00,36,27.6,-154.7,1010.0,31.0
EP12,29,2026-09-07 06:00:00,42,26.7,-160.8,986.0,46.0
EP13,29,2026-09-07 06:00:00,42,27.9,-127.2,1003.0,26.0
WP22,29,2026-09-07 06:00:00,42,35.1,136.7,1002.0,30.0
EP11,29,2026-09-07 06:00:00,42,28.6,-158.1,995.0,46.0
EP12,29,2026-09-07 06:00:00,48,28.2,-161.2,989.0,45.0
EP13,29,2026-09-07 06:00:00,48,28.9,-127.5,1007.0,24.0
WP22,29,2026-09-07 06:00:00,48,35.7,139.8,1004.0,30.0
EP11,29,2026-09-07 06:00:00,48,28.2,-161.2,989.0,45.0
EP12,29,2026-09-07 06:00:00,54,29.4,-162.2,991.0,46.0
EP13,29,2026-09-07 06:00:00,54,30.0,-128.0,1008.0,23.0
WP22,29,2026-09-07 06:00:00,54,36.9,144.4,1009.0,28.0
EP11,29,2026-09-07 06:00:00,54,29.4,-162.2,991.0,46.0
EP12,29,2026-09-07 06:00:00,60,30.0,-163.4,993.0,46.0
EP13,29,2026-09-07 06:00:00,60,31.3,-128.8,1012.0,21.0
WP22,29,2026-09-07 06:00:00,60,38.5,149.7,1010.0,28.0
EP11,29,2026-09-07 06:00:00,60,30.0,-163.4,993.0,46.0
EP12,29,2026-09-07 06:00:00,66,30.3,-164.5,995.0,43.0
EP13,29,2026-09-07 06:00:00,66,32.5,-129.4,1013.0,18.0
WP22,29,2026-09-07 06:00:00,66,39.7,154.3,1013.0,22.0
EP11,29,2026-09-07 06:00:00,66,30.3,-164.5,995.0,43.0
EP12,29,2026-09-07 06:00:00,72,30.5,-165.4,998.0,41.0
EP13,29,2026-09-07 06:00:00,72,33.4,-130.1,1016.0,16.0
WP22,29,2026-09-07 06:00:00,72,41.0,158.4,1015.0,21.0
EP11,29,2026-09-07 06:00:00,72,30.5,-165.4,998.0,41.0
EP12,29,2026-09-07 06:00:00,78,30.7,-166.5,1001.0,38.0
EP13,29,2026-09-07 06:00:00,78,34.1,-130.5,1016.0,16.0
WP22,29,2026-09-07 06:00:00,78,42.7,162.6,1017.0,22.0
EP11,29,2026-09-07 06:00:00,78,30.7,-166.5,1001.0,38.0
EP12,29,2026-09-07 06:00:00,84,31.0,-167.7,1003.0,35.0
EP13,29,2026-09-07 06:00:00,84,34.8,-130.7,1018.0,16.0
WP22,29,2026-09-07 06:00:00,84,43.8,167.9,1016.0,25.0
EP11,29,2026-09-07 06:00:00,84,31.0,-167.7,1003.0,35.0
EP12,29,2026-09-07 06:00:00,90,31.6,-168.7,1004.0,34.0
EP13,29,2026-09-07 06:00:00,90,35.3,-130.2,1017.0,13.0
WP22,29,2026-09-07 06:00:00,90,43.9,172.2,1016.0,26.0
EP11,29,2026-09-07 06:00:00,90,31.6,-168.8,1004.0,34.0
EP12,29,2026-09-07 06:00:00,96,32.4,-169.7,1005.0,35.0
EP13,29,2026-09-07 06:00:00,96,35.6,-130.6,1018.0,12.0
WP22,29,2026-09-07 06:00:00,96,43.1,173.7,1016.0,28.0
EP11,29,2026-09-07 06:00:00,96,32.4,-169.6,1005.0,35.0
EP12,29,2026-09-07 06:00:00,102,34.2,-170.7,1005.0,38.0
EP13,29,2026-09-07 06:00:00,102,35.8,-129.9,1016.0,13.0
WP22,29,2026-09-07 06:00:00,102,43.0,173.4,1017.0,27.0
EP11,29,2026-09-07 06:00:00,102,34.1,-170.6,1005.0,38.0
EP12,29,2026-09-07 06:00:00,108,36.5,-171.3,1003.0,44.0
WP22,29,2026-09-07 06:00:00,108,43.0,173.0,1016.0,28.0
EP11,29,2026-09-07 06:00:00,108,36.5,-171.3,1003.0,44.0
EP12,29,2026-09-07 06:00:00,114,37.9,-172.4,1002.0,41.0
WP22,29,2026-09-07 06:00:00,114,42.6,173.0,1017.0,28.0
EP11,29,2026-09-07 06:00:00,114,37.8,-172.4,1002.0,41.0
EP12,29,2026-09-07 06:00:00,120,38.8,-174.2,1002.0,36.0
WP22,29,2026-09-07 06:00:00,120,42.2,173.2,1016.0,27.0
EP11,29,2026-09-07 06:00:00,120,38.8,-174.2,1002.0,36.0
EP12,29,2026-09-07 06:00:00,126,39.0,-175.6,1005.0,25.0
WP22,29,2026-09-07 06:00:00,126,41.4,172.8,1016.0,24.0
EP11,29,2026-09-07 06:00:00,126,39.0,-175.6,1005.0,25.0
EP12,29,2026-09-07 06:00:00,132,39.3,-176.6,1007.0,20.0
WP22,29,2026-09-07 06:00:00,132,40.5,172.3,1015.0,23.0
EP11,29,2026-09-07 06:00:00,132,39.3,-176.6,1007.0,20.0
EP12,29,2026-09-07 06:00:00,138,39.7,-177.3,1007.0,19.0
WP22,29,2026-09-07 06:00:00,138,38.9,172.8,1013.0,21.0
EP11,29,2026-09-07 06:00:00,138,39.8,-177.3,1007.0,19.0
EP12,29,2026-09-07 06:00:00,144,40.5,-177.7,1006.0,20.0
WP22,29,2026-09-07 06:00:00,144,37.8,171.8,1015.0,21.0
EP11,29,2026-09-07 06:00:00,144,40.5,-177.7,1006.0,20.0
EP12,29,2026-09-07 06:00:00,150,40.7,-177.7,1006.0,22.0
WP22,29,2026-09-07 06:00:00,150,36.3,172.5,1015.0,19.0
EP11,29,2026-09-07 06:00:00,150,40.7,-177.7,1006.0,22.0
EP12,29,2026-09-07 06:00:00,156,40.8,-177.2,1005.0,27.0
EP11,29,2026-09-07 06:00:00,156,40.8,-177.2,1005.0,27.0
EP12,29,2026-09-07 06:00:00,162,40.8,-176.8,1004.0,29.0
EP11,29,2026-09-07 06:00:00,162,40.8,-176.8,1004.0,29.0
EP12,29,2026-09-07 06:00:00,168,41.0,-176.3,1003.0,30.0
EP11,29,2026-09-07 06:00:00,168,41.0,-176.3,1003.0,30.0
EP12,29,2026-09-07 06:00:00,174,41.5,-176.0,1002.0,30.0
EP11,29,2026-09-07 06:00:00,174,41.5,-176.0,1002.0,30.0
EP12,29,2026-09-07 06:00:00,180,42.1,-176.0,1002.0,32.0
EP11,29,2026-09-07 06:00:00,180,42.1,-176.0,1002.0,32.0
EP12,29,2026-09-07 06:00:00,186,42.6,-174.8,1001.0,33.0
EP11,29,2026-09-07 06:00:00,186,42.6,-174.9,1001.0,33.0
EP12,29,2026-09-07 06:00:00,192,43.8,-174.3,1001.0,32.0
EP11,29,2026-09-07 06:00:00,192,43.8,-174.3,1001.0,32.0
EP12,29,2026-09-07 06:00:00,198,45.7,-174.4,1002.0,31.0
EP11,29,2026-09-07 06:00:00,198,45.7,-174.4,1002.0,31.0
EP12,29,2026-09-07 06:00:00,204,48.6,-172.9,1004.0,26.0
EP11,29,2026-09-07 06:00:00,204,48.6,-173.0,1004.0,26.0
EP12,29,2026-09-07 06:00:00,210,51.5,-170.5,1002.0,21.0
EP11,29,2026-09-07 06:00:00,210,51.5,-170.5,1002.0,21.0
EP12,29,2026-09-07 06:00:00,216,55.1,-168.7,1000.0,25.0
EP11,29,2026-09-07 06:00:00,216,55.1,-168.7,1000.0,25.0
EP12,29,2026-09-07 06:00:00,222,58.7,-167.7,999.0,22.0
EP11,29,2026-09-07 06:00:00,222,58.7,-167.7,999.0,22.0
EP12,29,2026-09-07 06:00:00,228,60.0,-167.1,1000.0,21.0
EP11,29,2026-09-07 06:00:00,228,59.8,-167.1,1000.0,21.0
EP12,29,2026-09-07 06:00:00,234,60.6,-166.3,999.0,23.0
EP11,29,2026-09-07 06:00:00,234,60.6,-166.3,999.0,23.0
EP12,29,2026-09-07 06:00:00,240,62.1,-165.0,998.0,22.0
EP11,29,2026-09-07 06:00:00,240,62.1,-165.0,998.0,22.0
EP12,4,2026-09-07 06:00:00,0,16.0,-163.4,989.0,86.0
EP12,4,2026-09-07 06:00:00,0,16.0,-163.4,989.0,86.0
EP12,4,2026-09-07 06:00:00,0,16.0,-163.4,989.0,86.0
EP13,4,2026-09-07 06:00:00,0,24.5,-123.8,996.0,49.0
WP22,4,2026-09-07 06:00:00,0,27.0,132.9,994.0,28.0
EP11,4,2026-09-07 06:00:00,0,22.9,-146.6,1004.0,42.0
EP12,4,2026-09-07 06:00:00,6,16.7,-163.0,961.0,56.0
EP12,4,2026-09-07 06:00:00,6,16.7,-163.0,961.0,56.0
EP13,4,2026-09-07 06:00:00,6,24.8,-124.5,990.0,38.0
WP22,4,2026-09-07 06:00:00,6,27.8,133.2,996.0,23.0
EP11,4,2026-09-07 06:00:00,6,23.1,-147.7,1002.0,31.0
EP12,4,2026-09-07 06:00:00,12,17.8,-162.4,969.0,50.0
EP13,4,2026-09-07 06:00:00,12,25.1,-125.4,994.0,34.0
WP22,4,2026-09-07 06:00:00,12,28.7,133.0,996.0,22.0
EP11,4,2026-09-07 06:00:00,12,23.3,-149.0,1006.0,30.0
EP12,4,2026-09-07 06:00:00,18,19.2,-162.1,977.0,46.0
EP13,4,2026-09-07 06:00:00,18,25.3,-126.3,996.0,31.0
WP22,4,2026-09-07 06:00:00,18,29.7,132.8,998.0,22.0
EP11,4,2026-09-07 06:00:00,18,23.6,-150.5,1006.0,29.0
EP12,4,2026-09-07 06:00:00,24,20.5,-161.5,985.0,43.0
EP13,4,2026-09-07 06:00:00,24,25.5,-127.0,1000.0,28.0
WP22,4,2026-09-07 06:00:00,24,30.7,132.7,998.0,22.0
EP11,4,2026-09-07 06:00:00,24,24.2,-152.1,1008.0,28.0
EP12,4,2026-09-07 06:00:00,30,21.9,-161.1,987.0,42.0
EP13,4,2026-09-07 06:00:00,30,25.9,-127.8,1001.0,26.0
WP22,4,2026-09-07 06:00:00,30,31.5,132.8,1001.0,22.0
EP11,4,2026-09-07 06:00:00,30,25.3,-153.7,1009.0,29.0
EP12,4,2026-09-07 06:00:00,36,23.0,-160.8,992.0,34.0
EP13,4,2026-09-07 06:00:00,36,26.5,-128.4,1004.0,25.0
WP22,4,2026-09-07 06:00:00,36,32.3,132.9,1002.0,26.0
EP11,4,2026-09-07 06:00:00,36,26.7,-155.7,1010.0,29.0
EP12,4,2026-09-07 06:00:00,42,24.2,-160.6,996.0,31.0
EP13,4,2026-09-07 06:00:00,42,27.3,-128.7,1004.0,24.0
WP22,4,2026-09-07 06:00:00,42,33.0,133.5,1005.0,28.0
EP11,4,2026-09-07 06:00:00,42,27.7,-159.1,1002.0,29.0
EP12,4,2026-09-07 06:00:00,48,25.2,-160.6,1000.0,30.0
EP13,4,2026-09-07 06:00:00,48,28.1,-129.2,1007.0,24.0
WP22,4,2026-09-07 06:00:00,48,34.0,135.1,1006.0,24.0
EP11,4,2026-09-07 06:00:00,48,27.3,-161.1,1000.0,30.0
EP12,4,2026-09-07 06:00:00,54,26.1,-161.2,1001.0,30.0
EP13,4,2026-09-07 06:00:00,54,29.3,-129.8,1008.0,23.0
WP22,4,2026-09-07 06:00:00,54,35.0,136.8,1010.0,23.0
EP11,4,2026-09-07 06:00:00,54,26.1,-161.2,1001.0,30.0
EP12,4,2026-09-07 06:00:00,60,26.8,-162.0,1004.0,29.0
EP13,4,2026-09-07 06:00:00,60,30.5,-130.6,1012.0,22.0
WP22,4,2026-09-07 06:00:00,60,35.7,137.9,1011.0,21.0
EP11,4,2026-09-07 06:00:00,60,26.8,-162.0,1004.0,29.0
EP12,4,2026-09-07 06:00:00,66,27.2,-163.2,1004.0,29.0
EP13,4,2026-09-07 06:00:00,66,31.7,-131.3,1012.0,20.0
WP22,4,2026-09-07 06:00:00,66,36.6,140.5,1015.0,21.0
EP11,4,2026-09-07 06:00:00,66,27.2,-163.2,1004.0,29.0
EP12,4,2026-09-07 06:00:00,72,27.3,-164.4,1006.0,28.0
EP13,4,2026-09-07 06:00:00,72,32.7,-132.1,1015.0,20.0
WP22,4,2026-09-07 06:00:00,72,37.6,143.2,1015.0,18.0
EP11,4,2026-09-07 06:00:00,72,27.3,-164.4,1006.0,28.0
EP12,4,2026-09-07 06:00:00,78,27.4,-165.9,1007.0,27.0
EP13,4,2026-09-07 06:00:00,78,33.6,-132.7,1016.0,19.0
WP22,4,2026-09-07 06:00:00,78,38.2,145.5,1018.0,16.0
EP11,4,2026-09-07 06:00:00,78,27.4,-165.9,1007.0,27.0
EP12,4,2026-09-07 06:00:00,84,27.4,-167.3,1008.0,25.0
EP13,4,2026-09-07 06:00:00,84,34.0,-133.7,1018.0,17.0
WP22,4,2026-09-07 06:00:00,84,38.8,147.5,1019.0,14.0
EP11,4,2026-09-07 06:00:00,84,27.4,-167.3,1008.0,25.0
EP12,4,2026-09-07 06:00:00,90,27.4,-168.6,1009.0,23.0
EP13,4,2026-09-07 06:00:00,90,34.6,-133.8,1017.0,15.0
EP11,4,2026-09-07 06:00:00,90,27.4,-168.6,1009.0,23.0
EP12,4,2026-09-07 06:00:00,96,27.4,-169.6,1009.0,21.0
EP13,4,2026-09-07 06:00:00,96,34.9,-133.4,1019.0,13.0
EP11,4,2026-09-07 06:00:00,96,27.4,-169.6,1009.0,21.0
EP12,4,2026-09-07 06:00:00,102,27.3,-170.6,1010.0,19.0
EP11,4,2026-09-07 06:00:00,102,27.3,-170.6,1010.0,19.0
EP12,4,2026-09-07 06:00:00,108,27.4,-171.6,1010.0,17.0
EP11,4,2026-09-07 06:00:00,108,27.4,-171.6,1010.0,17.0
EP12,4,2026-09-07 06:00:00,114,27.5,-172.0,1010.0,17.0
EP11,4,2026-09-07 06:00:00,114,27.5,-172.0,1010.0,17.0
EP12,4,2026-09-07 06:00:00,120,27.5,-172.4,1009.0,17.0
EP11,4,2026-09-07 06:00:00,120,27.5,-172.4,1009.0,17.0
EP12,4,2026-09-07 06:00:00,126,27.3,-172.8,1010.0,15.0
EP11,4,2026-09-07 06:00:00,126,27.3,-172.8,1010.0,15.0
EP12,4,2026-09-07 06:00:00,132,27.1,-173.3,1010.0,15.0
EP11,4,2026-09-07 06:00:00,132,27.1,-173.3,1010.0,15.0
EP12,4,2026-09-07 06:00:00,138,27.1,-173.5,1011.0,15.0
EP11,4,2026-09-07 06:00:00,138,27.1,-173.5,1011.0,15.0
EP12,4,2026-09-07 06:00:00,144,26.9,-173.7,1010.0,16.0
EP11,4,2026-09-07 06:00:00,144,26.9,-173.7,1010.0,16.0
EP12,4,2026-09-07 06:00:00,150,26.7,-173.8,1011.0,14.0
EP11,4,2026-09-07 06:00:00,150,26.7,-173.8,1011.0,14.0
EP12,4,2026-09-07 06:00:00,156,26.4,-174.0,1012.0,13.0
EP11,4,2026-09-07 06:00:00,156,26.4,-174.0,1012.0,13.0
EP12,26,2026-09-07 06:00:00,0,15.9,-163.4,989.0,80.0
EP12,26,2026-09-07 06:00:00,0,15.9,-163.4,989.0,80.0
EP12,26,2026-09-07 06:00:00,0,15.9,-163.4,989.0,80.0
EP13,26,2026-09-07 06:00:00,0,24.2,-123.7,995.0,50.0
EP13,26,2026-09-07 06:00:00,0,24.2,-123.7,995.0,50.0
WP22,26,2026-09-07 06:00:00,0,27.1,133.0,993.0,29.0
EP11,26,2026-09-07 06:00:00,0,23.0,-146.2,1004.0,42.0
EP12,26,2026-09-07 06:00:00,6,16.8,-163.0,963.0,65.0
EP12,26,2026-09-07 06:00:00,6,16.8,-163.0,963.0,65.0
EP12,26,2026-09-07 06:00:00,6,16.8,-163.0,963.0,65.0
EP13,26,2026-09-07 06:00:00,6,24.4,-124.2,990.0,41.0
WP22,26,2026-09-07 06:00:00,6,27.8,133.3,994.0,25.0
EP11,26,2026-09-07 06:00:00,6,23.1,-146.9,1003.0,32.0
EP12,26,2026-09-07 06:00:00,12,17.9,-162.3,969.0,58.0
EP12,26,2026-09-07 06:00:00,12,17.9,-162.3,969.0,58.0
EP13,26,2026-09-07 06:00:00,12,24.9,-124.8,992.0,39.0
WP22,26,2026-09-07 06:00:00,12,28.8,133.3,994.0,25.0
EP11,26,2026-09-07 06:00:00,12,23.3,-148.1,1005.0,31.0
EP12,26,2026-09-07 06:00:00,18,19.4,-161.9,973.0,58.0
EP12,26,2026-09-07 06:00:00,18,19.4,-161.9,973.0,58.0
EP13,26,2026-09-07 06:00:00,18,25.4,-125.6,993.0,34.0
WP22,26,2026-09-07 06:00:00,18,30.0,133.2,997.0,26.0
EP11,26,2026-09-07 06:00:00,18,23.6,-149.5,1006.0,30.0
EP12,26,2026-09-07 06:00:00,24,20.8,-161.2,975.0,59.0
EP12,26,2026-09-07 06:00:00,24,20.8,-161.2,975.0,59.0
EP13,26,2026-09-07 06:00:00,24,25.8,-126.3,998.0,32.0
WP22,26,2026-09-07 06:00:00,24,31.1,133.3,997.0,26.0
EP11,26,2026-09-07 06:00:00,24,24.0,-151.0,1008.0,30.0
EP12,26,2026-09-07 06:00:00,30,22.2,-161.0,979.0,54.0
EP12,26,2026-09-07 06:00:00,30,22.2,-161.0,979.0,54.0
EP13,26,2026-09-07 06:00:00,30,26.4,-126.8,999.0,29.0
WP22,26,2026-09-07 06:00:00,30,32.3,133.7,1000.0,26.0
EP11,26,2026-09-07 06:00:00,30,24.8,-152.6,1008.0,29.0
EP12,26,2026-09-07 06:00:00,36,23.5,-160.7,985.0,48.0
EP13,26,2026-09-07 06:00:00,36,27.1,-127.3,1003.0,28.0
WP22,26,2026-09-07 06:00:00,36,33.5,134.7,1001.0,26.0
EP11,26,2026-09-07 06:00:00,36,26.1,-154.1,1010.0,30.0
EP12,26,2026-09-07 06:00:00,42,24.8,-160.4,989.0,45.0
EP13,26,2026-09-07 06:00:00,42,28.0,-127.6,1002.0,27.0
WP22,26,2026-09-07 06:00:00,42,34.9,137.4,1005.0,27.0
EP11,26,2026-09-07 06:00:00,42,28.0,-156.3,1008.0,30.0
EP12,26,2026-09-07 06:00:00,48,25.9,-160.4,994.0,40.0
EP13,26,2026-09-07 06:00:00,48,29.1,-128.0,1006.0,25.0
WP22,26,2026-09-07 06:00:00,48,36.6,142.1,1006.0,27.0
EP11,26,2026-09-07 06:00:00,48,28.9,-159.9,1000.0,40.0
EP12,26,2026-09-07 06:00:00,54,26.8,-161.0,996.0,38.0
EP13,26,2026-09-07 06:00:00,54,30.3,-128.5,1007.0,23.0
WP22,26,2026-09-07 06:00:00,54,37.3,145.9,1011.0,26.0
EP11,26,2026-09-07 06:00:00,54,27.6,-161.6,996.0,38.0
EP12,26,2026-09-07 06:00:00,60,27.5,-161.9,1000.0,38.0
EP13,26,2026-09-07 06:00:00,60,31.5,-129.0,1011.0,22.0
WP22,26,2026-09-07 06:00:00,60,38.0,149.9,1012.0,22.0
EP11,26,2026-09-07 06:00:00,60,27.5,-161.9,1000.0,38.0
EP12,26,2026-09-07 06:00:00,66,27.9,-163.1,1001.0,35.0
EP13,26,2026-09-07 06:00:00,66,32.7,-129.6,1012.0,19.0
WP22,26,2026-09-07 06:00:00,66,38.8,153.5,1015.0,19.0
EP11,26,2026-09-07 06:00:00,66,27.9,-163.1,1001.0,35.0
EP12,26,2026-09-07 06:00:00,72,28.0,-164.3,1004.0,33.0
EP13,26,2026-09-07 06:00:00,72,33.5,-130.1,1015.0,18.0
WP22,26,2026-09-07 06:00:00,72,40.2,156.9,1016.0,20.0
EP11,26,2026-09-07 06:00:00,72,28.0,-164.3,1004.0,33.0
EP12,26,2026-09-07 06:00:00,78,28.1,-165.8,1005.0,31.0
EP13,26,2026-09-07 06:00:00,78,34.1,-130.8,1016.0,18.0
WP22,26,2026-09-07 06:00:00,78,41.0,161.3,1018.0,20.0
EP11,26,2026-09-07 06:00:00,78,28.1,-165.8,1005.0,31.0
EP12,26,2026-09-07 06:00:00,84,28.2,-167.2,1007.0,30.0
EP13,26,2026-09-07 06:00:00,84,34.7,-130.6,1018.0,16.0
WP22,26,2026-09-07 06:00:00,84,42.1,166.8,1017.0,23.0
EP11,26,2026-09-07 06:00:00,84,28.2,-167.2,1007.0,30.0
EP12,26,2026-09-07 06:00:00,90,28.4,-168.6,1008.0,28.0
EP13,26,2026-09-07 06:00:00,90,35.0,-129.9,1017.0,14.0
WP22,26,2026-09-07 06:00:00,90,42.3,170.2,1017.0,24.0
EP11,26,2026-09-07 06:00:00,90,28.4,-168.6,1008.0,28.0
EP12,26,2026-09-07 06:00:00,96,28.7,-169.8,1008.0,27.0
EP13,26,2026-09-07 06:00:00,96,35.0,-129.0,1017.0,12.0
WP22,26,2026-09-07 06:00:00,96,41.5,170.7,1016.0,26.0
EP11,26,2026-09-07 06:00:00,96,28.7,-169.7,1008.0,27.0
EP12,26,2026-09-07 06:00:00,102,29.3,-170.9,1009.0,26.0
EP13,26,2026-09-07 06:00:00,102,34.9,-127.7,1015.0,14.0
WP22,26,2026-09-07 06:00:00,102,41.2,170.7,1017.0,26.0
EP11,26,2026-09-07 06:00:00,102,29.3,-170.9,1009.0,26.0
EP12,26,2026-09-07 06:00:00,108,30.3,-171.6,1008.0,27.0
EP13,26,2026-09-07 06:00:00,108,34.6,-126.6,1017.0,14.0
WP22,26,2026-09-07 06:00:00,108,41.1,170.5,1016.0,25.0
EP11,26,2026-09-07 06:00:00,108,30.3,-171.6,1008.0,27.0
EP12,26,2026-09-07 06:00:00,114,31.9,-171.8,1008.0,30.0
EP13,26,2026-09-07 06:00:00,114,35.1,-124.7,1012.0,19.0
WP22,26,2026-09-07 06:00:00,114,40.9,170.1,1016.0,24.0
EP11,26,2026-09-07 06:00:00,114,31.9,-171.8,1008.0,30.0
EP12,26,2026-09-07 06:00:00,120,33.8,-172.5,1008.0,32.0
WP22,26,2026-09-07 06:00:00,120,41.0,169.8,1015.0,23.0
EP11,26,2026-09-07 06:00:00,120,33.8,-172.5,1008.0,32.0
EP12,26,2026-09-07 06:00:00,126,35.1,-174.5,1009.0,31.0
WP22,26,2026-09-07 06:00:00,126,41.1,169.8,1015.0,21.0
EP11,26,2026-09-07 06:00:00,126,35.1,-174.5,1009.0,31.0
EP12,26,2026-09-07 06:00:00,132,35.3,-177.2,1009.0,18.0
WP22,26,2026-09-07 06:00:00,132,40.7,169.8,1014.0,22.0
EP11,26,2026-09-07 06:00:00,132,35.3,-177.2,1009.0,18.0
EP12,26,2026-09-07 06:00:00,138,33.6,-178.9,1010.0,16.0
WP22,26,2026-09-07 06:00:00,138,40.1,170.5,1013.0,21.0
EP11,26,2026-09-07 06:00:00,138,33.6,-178.9,1010.0,16.0
EP12,26,2026-09-07 06:00:00,144,32.0,-179.0,1009.0,17.0
WP22,26,2026-09-07 06:00:00,144,39.1,170.9,1012.0,22.0
EP11,26,2026-09-07 06:00:00,144,32.0,-179.0,1009.0,17.0
EP12,26,2026-09-07 06:00:00,150,31.7,-179.1,1009.0,17.0
WP22,26,2026-09-07 06:00:00,150,37.7,171.1,1012.0,21.0
EP11,26,2026-09-07 06:00:00,150,31.7,-179.0,1009.0,17.0
EP12,26,2026-09-07 06:00:00,156,31.6,-178.9,1009.0,18.0
WP22,26,2026-09-07 06:00:00,156,36.4,170.4,1013.0,22.0
EP11,26,2026-09-07 06:00:00,156,31.6,-178.9,1009.0,18.0
EP12,26,2026-09-07 06:00:00,162,31.9,-178.8,1009.0,19.0
WP22,26,2026-09-07 06:00:00,162,34.5,169.7,1014.0,22.0
EP11,26,2026-09-07 06:00:00,162,31.9,-178.8,1009.0,19.0
EP12,26,2026-09-07 06:00:00,168,32.2,-178.8,1009.0,17.0
WP22,26,2026-09-07 06:00:00,168,31.6,170.7,1012.0,22.0
EP11,26,2026-09-07 06:00:00,168,32.2,-178.8,1009.0,17.0
EP12,26,2026-09-07 06:00:00,174,32.7,-178.8,1009.0,18.0
WP22,26,2026-09-07 06:00:00,174,28.8,173.2,1010.0,16.0
EP11,26,2026-09-07 06:00:00,174,32.7,-178.8,1009.0,18.0
EP12,26,2026-09-07 06:00:00,180,33.3,-179.0,1008.0,17.0
WP22,26,2026-09-07 06:00:00,180,28.5,176.3,1009.0,16.0
EP11,26,2026-09-07 06:00:00,180,33.3,-179.0,1008.0,17.0
EP12,26,2026-09-07 06:00:00,186,33.7,-179.5,1008.0,18.0
WP22,26,2026-09-07 06:00:00,186,29.4,179.2,1008.0,17.0
EP11,26,2026-09-07 06:00:00,186,33.7,-179.5,1008.0,18.0
EP12,26,2026-09-07 06:00:00,192,34.1,179.8,1008.0,24.0
WP22,26,2026-09-07 06:00:00,192,29.4,179.9,1006.0,19.0
EP11,26,2026-09-07 06:00:00,192,34.1,179.8,1008.0,24.0
EP12,26,2026-09-07 06:00:00,198,33.3,177.2,1009.0,28.0
WP22,26,2026-09-07 06:00:00,198,29.8,179.8,1007.0,22.0
EP11,26,2026-09-07 06:00:00,198,33.3,177.2,1009.0,28.0
EP12,26,2026-09-07 06:00:00,204,31.2,174.9,1008.0,28.0
WP22,26,2026-09-07 06:00:00,204,30.1,178.9,1007.0,22.0
EP11,26,2026-09-07 06:00:00,204,31.2,174.9,1008.0,28.0
EP12,26,2026-09-07 06:00:00,210,28.9,173.7,1008.0,24.0
WP22,26,2026-09-07 06:00:00,210,31.1,177.2,1008.0,23.0
EP11,26,2026-09-07 06:00:00,210,28.9,173.7,1008.0,24.0
EP12,26,2026-09-07 06:00:00,216,27.8,172.9,1006.0,21.0
WP22,26,2026-09-07 06:00:00,216,31.3,175.0,1008.0,23.0
EP11,26,2026-09-07 06:00:00,216,27.8,172.9,1006.0,21.0
EP12,26,2026-09-07 06:00:00,222,27.3,171.7,1007.0,19.0
WP22,26,2026-09-07 06:00:00,222,30.1,171.7,1008.0,24.0
EP11,26,2026-09-07 06:00:00,222,27.3,171.7,1007.0,19.0
EP12,26,2026-09-07 06:00:00,228,27.2,170.1,1006.0,18.0
WP22,26,2026-09-07 06:00:00,228,28.4,169.5,1006.0,22.0
EP11,26,2026-09-07 06:00:00,228,27.2,170.1,1006.0,18.0
EP12,26,2026-09-07 06:00:00,234,27.5,168.3,1007.0,21.0
WP22,26,2026-09-07 06:00:00,234,27.7,168.1,1007.0,21.0
EP11,26,2026-09-07 06:00:00,234,27.5,168.3,1007.0,21.0
EP12,26,2026-09-07 06:00:00,240,28.1,166.1,1006.0,20.0
EP11,26,2026-09-07 06:00:00,240,28.1,166.1,1006.0,20.0
EP12,30,2026-09-07 06:00:00,0,16.0,-163.4,988.0,87.0
EP12,30,2026-09-07 06:00:00,0,16.0,-163.4,988.0,87.0
EP12,30,2026-09-07 06:00:00,0,16.0,-163.4,988.0,87.0
EP13,30,2026-09-07 06:00:00,0,24.1,-123.6,994.0,50.0
WP22,30,2026-09-07 06:00:00,0,27.6,132.8,993.0,30.0
EP11,30,2026-09-07 06:00:00,0,23.1,-146.4,1004.0,46.0
EP12,30,2026-09-07 06:00:00,6,16.9,-162.9,959.0,71.0
EP12,30,2026-09-07 06:00:00,6,16.9,-162.9,959.0,71.0
EP12,30,2026-09-07 06:00:00,6,16.9,-162.9,959.0,71.0
EP13,30,2026-09-07 06:00:00,6,24.4,-123.8,990.0,43.0
WP22,30,2026-09-07 06:00:00,6,28.6,133.0,993.0,29.0
EP11,30,2026-09-07 06:00:00,6,23.3,-147.3,1002.0,36.0
EP12,30,2026-09-07 06:00:00,12,18.2,-162.4,965.0,64.0
EP12,30,2026-09-07 06:00:00,12,18.2,-162.4,965.0,64.0
EP12,30,2026-09-07 06:00:00,12,18.2,-162.4,965.0,64.0
EP13,30,2026-09-07 06:00:00,12,25.0,-124.4,990.0,43.0
WP22,30,2026-09-07 06:00:00,12,29.6,132.8,993.0,29.0
EP11,30,2026-09-07 06:00:00,12,23.5,-148.6,1006.0,34.0
EP12,30,2026-09-07 06:00:00,18,19.9,-161.9,966.0,65.0
EP12,30,2026-09-07 06:00:00,18,19.9,-161.9,966.0,65.0
EP12,30,2026-09-07 06:00:00,18,19.9,-161.9,966.0,65.0
EP13,30,2026-09-07 06:00:00,18,25.4,-125.3,990.0,37.0
WP22,30,2026-09-07 06:00:00,18,30.8,132.5,995.0,29.0
EP11,30,2026-09-07 06:00:00,18,23.8,-150.0,1006.0,31.0
EP12,30,2026-09-07 06:00:00,24,21.7,-161.4,971.0,68.0
EP12,30,2026-09-07 06:00:00,24,21.7,-161.4,971.0,68.0
EP12,30,2026-09-07 06:00:00,24,21.7,-161.4,971.0,68.0
EP13,30,2026-09-07 06:00:00,24,25.8,-126.0,995.0,34.0
WP22,30,2026-09-07 06:00:00,24,31.8,132.5,995.0,27.0
EP11,30,2026-09-07 06:00:00,24,24.4,-151.5,1009.0,31.0
EP12,30,2026-09-07 06:00:00,30,23.7,-161.2,977.0,59.0
EP12,30,2026-09-07 06:00:00,30,23.7,-161.2,977.0,59.0
EP13,30,2026-09-07 06:00:00,30,26.2,-126.6,997.0,31.0
WP22,30,2026-09-07 06:00:00,30,32.8,132.8,999.0,27.0
EP11,30,2026-09-07 06:00:00,30,25.4,-153.0,1009.0,30.0
EP12,30,2026-09-07 06:00:00,36,25.7,-161.5,981.0,57.0
EP12,30,2026-09-07 06:00:00,36,25.7,-161.5,981.0,57.0
EP13,30,2026-09-07 06:00:00,36,27.0,-127.1,1001.0,30.0
WP22,30,2026-09-07 06:00:00,36,34.3,134.0,1001.0,30.0
EP11,30,2026-09-07 06:00:00,36,26.9,-154.4,1011.0,31.0
EP12,30,2026-09-07 06:00:00,42,27.6,-162.4,983.0,51.0
EP12,30,2026-09-07 06:00:00,42,27.6,-162.4,983.0,51.0
EP13,30,2026-09-07 06:00:00,42,28.0,-127.4,1001.0,29.0
WP22,30,2026-09-07 06:00:00,42,35.3,136.5,1004.0,27.0
EP11,30,2026-09-07 06:00:00,42,29.1,-156.0,1010.0,34.0
EP12,30,2026-09-07 06:00:00,48,28.8,-163.5,987.0,47.0
EP13,30,2026-09-07 06:00:00,48,29.1,-127.7,1005.0,28.0
WP22,30,2026-09-07 06:00:00,48,36.1,140.0,1004.0,29.0
EP12,30,2026-09-07 06:00:00,54,29.5,-164.4,989.0,44.0
EP13,30,2026-09-07 06:00:00,54,30.4,-128.1,1006.0,25.0
WP22,30,2026-09-07 06:00:00,54,37.6,145.3,1010.0,28.0
EP12,30,2026-09-07 06:00:00,60,30.1,-165.3,993.0,45.0
EP13,30,2026-09-07 06:00:00,60,31.7,-128.7,1011.0,22.0
WP22,30,2026-09-07 06:00:00,60,38.8,149.7,1011.0,27.0
EP12,30,2026-09-07 06:00:00,66,30.5,-166.1,995.0,43.0
EP13,30,2026-09-07 06:00:00,66,32.9,-129.2,1011.0,18.0
WP22,30,2026-09-07 06:00:00,66,40.8,155.5,1013.0,20.0
EP12,30,2026-09-07 06:00:00,72,31.2,-166.9,998.0,41.0
EP13,30,2026-09-07 06:00:00,72,33.7,-129.5,1015.0,17.0
WP22,30,2026-09-07 06:00:00,72,42.6,161.1,1012.0,21.0
EP12,30,2026-09-07 06:00:00,78,32.1,-168.1,1001.0,41.0
EP13,30,2026-09-07 06:00:00,78,34.6,-129.9,1015.0,17.0
WP22,30,2026-09-07 06:00:00,78,45.4,166.8,1011.0,24.0
EP12,30,2026-09-07 06:00:00,84,33.1,-169.3,1002.0,40.0
EP13,30,2026-09-07 06:00:00,84,35.1,-129.8,1017.0,16.0
EP12,30,2026-09-07 06:00:00,90,34.6,-170.6,1003.0,41.0
EP13,30,2026-09-07 06:00:00,90,35.7,-129.1,1016.0,14.0
EP12,30,2026-09-07 06:00:00,96,36.5,-171.8,1003.0,43.0
EP13,30,2026-09-07 06:00:00,96,36.2,-128.1,1017.0,15.0
EP12,30,2026-09-07 06:00:00,102,38.8,-173.2,1000.0,46.0
EP13,30,2026-09-07 06:00:00,102,36.3,-127.1,1017.0,14.0
EP12,30,2026-09-07 06:00:00,108,40.2,-174.7,997.0,44.0
EP13,30,2026-09-07 06:00:00,108,36.4,-126.0,1017.0,14.0
EP12,30,2026-09-07 06:00:00,114,40.9,-176.2,999.0,33.0
EP13,30,2026-09-07 06:00:00,114,36.8,-124.4,1011.0,15.0
EP12,30,2026-09-07 06:00:00,120,41.8,-176.9,1003.0,27.0
EP13,30,2026-09-07 06:00:00,120,37.2,-123.0,1013.0,14.0
EP12,30,2026-09-07 06:00:00,126,43.1,-177.5,1003.0,28.0
EP13,30,2026-09-07 06:00:00,126,36.5,-121.5,1015.0,17.0
EP12,30,2026-09-07 06:00:00,132,44.3,-177.2,1003.0,29.0
EP13,30,2026-09-07 06:00:00,132,35.1,-119.6,1014.0,19.0
EP12,30,2026-09-07 06:00:00,138,46.2,-177.1,1002.0,29.0
EP13,30,2026-09-07 06:00:00,138,33.8,-120.0,1011.0,21.0
EP12,30,2026-09-07 06:00:00,144,48.0,-176.7,1002.0,30.0
EP13,30,2026-09-07 06:00:00,144,33.5,-119.9,1013.0,21.0
EP12,30,2026-09-07 06:00:00,150,49.5,-175.6,1004.0,28.0
EP13,30,2026-09-07 06:00:00,150,33.9,-120.2,1012.0,23.0
EP12,30,2026-09-07 06:00:00,156,49.7,-174.2,1006.0,25.0
EP13,30,2026-09-07 06:00:00,156,34.1,-120.9,1013.0,24.0
EP12,30,2026-09-07 06:00:00,162,49.6,-172.6,1010.0,22.0
EP13,30,2026-09-07 06:00:00,162,33.4,-120.9,1009.0,26.0
EP12,30,2026-09-07 06:00:00,168,50.0,-170.8,1012.0,22.0
EP13,30,2026-09-07 06:00:00,168,33.2,-121.3,1011.0,25.0
EP12,30,2026-09-07 06:00:00,174,49.9,-169.6,1016.0,21.0
EP13,30,2026-09-07 06:00:00,174,33.2,-121.8,1011.0,23.0
EP12,30,2026-09-07 06:00:00,180,49.2,-170.2,1015.0,24.0
EP13,30,2026-09-07 06:00:00,180,33.2,-122.5,1012.0,19.0
EP12,30,2026-09-07 06:00:00,186,48.3,-171.3,1012.0,32.0
EP12,30,2026-09-07 06:00:00,192,48.9,-172.5,1007.0,30.0
EP12,24,2026-09-07 06:00:00,0,15.9,-163.4,989.0,78.0
EP12,24,2026-09-07 06:00:00,0,15.9,-163.4,989.0,78.0
EP12,24,2026-09-07 06:00:00,0,15.9,-163.4,989.0,78.0
EP13,24,2026-09-07 06:00:00,0,24.2,-123.7,995.0,53.0
EP13,24,2026-09-07 06:00:00,0,24.2,-123.7,995.0,53.0
WP22,24,2026-09-07 06:00:00,0,27.2,132.5,993.0,29.0
EP11,24,2026-09-07 06:00:00,0,23.2,-146.6,1005.0,43.0
EP12,24,2026-09-07 06:00:00,6,16.8,-162.9,960.0,70.0
EP12,24,2026-09-07 06:00:00,6,16.8,-162.9,960.0,70.0
EP12,24,2026-09-07 06:00:00,6,16.8,-162.9,960.0,70.0
EP13,24,2026-09-07 06:00:00,6,24.2,-124.1,990.0,40.0
WP22,24,2026-09-07 06:00:00,6,28.0,132.7,993.0,25.0
EP11,24,2026-09-07 06:00:00,6,23.7,-147.7,1003.0,35.0
EP12,24,2026-09-07 06:00:00,12,18.0,-162.3,965.0,62.0
EP12,24,2026-09-07 06:00:00,12,18.0,-162.3,965.0,62.0
EP13,24,2026-09-07 06:00:00,12,24.6,-124.6,992.0,41.0
WP22,24,2026-09-07 06:00:00,12,29.0,132.6,993.0,26.0
EP11,24,2026-09-07 06:00:00,12,23.9,-149.0,1006.0,32.0
EP12,24,2026-09-07 06:00:00,18,19.5,-161.8,968.0,61.0
EP12,24,2026-09-07 06:00:00,18,19.5,-161.8,968.0,61.0
EP13,24,2026-09-07 06:00:00,18,24.9,-125.3,991.0,36.0
WP22,24,2026-09-07 06:00:00,18,30.0,132.3,995.0,27.0
EP11,24,2026-09-07 06:00:00,18,24.3,-150.5,1006.0,30.0
EP12,24,2026-09-07 06:00:00,24,20.9,-161.1,970.0,61.0
EP12,24,2026-09-07 06:00:00,24,20.9,-161.1,970.0,61.0
EP13,24,2026-09-07 06:00:00,24,25.1,-125.9,996.0,33.0
WP22,24,2026-09-07 06:00:00,24,31.0,132.3,996.0,27.0
EP11,24,2026-09-07 06:00:00,24,24.9,-152.1,1008.0,29.0
EP12,24,2026-09-07 06:00:00,30,22.4,-160.7,978.0,54.0
EP12,24,2026-09-07 06:00:00,30,22.4,-160.7,978.0,54.0
EP13,24,2026-09-07 06:00:00,30,25.7,-126.5,997.0,31.0
WP22,24,2026-09-07 06:00:00,30,31.9,132.5,999.0,27.0
EP11,24,2026-09-07 06:00:00,30,26.1,-153.6,1008.0,29.0
EP12,24,2026-09-07 06:00:00,36,23.8,-160.4,983.0,49.0
EP13,24,2026-09-07 06:00:00,36,26.4,-126.9,1001.0,30.0
WP22,24,2026-09-07 06:00:00,36,33.0,133.0,1001.0,32.0
EP11,24,2026-09-07 06:00:00,36,27.6,-155.7,1009.0,30.0
EP12,24,2026-09-07 06:00:00,42,25.2,-160.1,986.0,48.0
EP13,24,2026-09-07 06:00:00,42,27.4,-127.1,1001.0,28.0
WP22,24,2026-09-07 06:00:00,42,34.3,134.5,1004.0,29.0
EP11,24,2026-09-07 06:00:00,42,28.7,-159.0,997.0,40.0
EP12,24,2026-09-07 06:00:00,48,26.5,-160.1,992.0,44.0
EP13,24,2026-09-07 06:00:00,48,28.4,-127.4,1006.0,26.0
WP22,24,2026-09-07 06:00:00,48,35.2,137.1,1006.0,26.0
EP11,24,2026-09-07 06:00:00,48,28.3,-160.8,994.0,44.0
EP12,24,2026-09-07 06:00:00,54,27.7,-160.7,994.0,43.0
EP13,24,2026-09-07 06:00:00,54,29.7,-127.7,1007.0,24.0
WP22,24,2026-09-07 06:00:00,54,35.5,139.6,1010.0,24.0
EP11,24,2026-09-07 06:00:00,54,27.7,-160.7,994.0,43.0
EP12,24,2026-09-07 06:00:00,60,28.4,-161.5,998.0,40.0
EP13,24,2026-09-07 06:00:00,60,31.0,-128.3,1011.0,22.0
WP22,24,2026-09-07 06:00:00,60,36.1,143.0,1012.0,23.0
EP11,24,2026-09-07 06:00:00,60,28.4,-161.5,998.0,40.0
EP12,24,2026-09-07 06:00:00,66,29.0,-162.5,999.0,39.0
EP13,24,2026-09-07 06:00:00,66,32.3,-128.8,1012.0,18.0
WP22,24,2026-09-07 06:00:00,66,37.9,147.4,1015.0,20.0
EP11,24,2026-09-07 06:00:00,66,29.0,-162.5,999.0,39.0
EP12,24,2026-09-07 06:00:00,72,29.2,-163.6,1002.0,37.0
EP13,24,2026-09-07 06:00:00,72,33.3,-129.5,1015.0,15.0
WP22,24,2026-09-07 06:00:00,72,38.1,151.6,1015.0,20.0
EP11,24,2026-09-07 06:00:00,72,29.2,-163.6,1002.0,37.0
EP12,24,2026-09-07 06:00:00,78,29.3,-164.8,1004.0,34.0
EP13,24,2026-09-07 06:00:00,78,34.2,-130.0,1015.0,14.0
WP22,24,2026-09-07 06:00:00,78,38.8,156.0,1017.0,19.0
EP11,24,2026-09-07 06:00:00,78,29.3,-164.8,1004.0,34.0
EP12,24,2026-09-07 06:00:00,84,29.4,-166.1,1006.0,32.0
EP13,24,2026-09-07 06:00:00,84,34.9,-130.4,1018.0,15.0
WP22,24,2026-09-07 06:00:00,84,39.8,161.1,1017.0,21.0
EP11,24,2026-09-07 06:00:00,84,29.4,-166.1,1006.0,32.0
EP12,24,2026-09-07 06:00:00,90,29.6,-167.2,1006.0,30.0
EP13,24,2026-09-07 06:00:00,90,35.3,-129.9,1016.0,14.0
WP22,24,2026-09-07 06:00:00,90,41.0,166.7,1017.0,22.0
EP11,24,2026-09-07 06:00:00,90,29.6,-167.2,1006.0,30.0
EP12,24,2026-09-07 06:00:00,96,29.8,-168.1,1007.0,28.0
EP13,24,2026-09-07 06:00:00,96,35.6,-129.7,1017.0,15.0
WP22,24,2026-09-07 06:00:00,96,42.4,171.1,1016.0,24.0
EP11,24,2026-09-07 06:00:00,96,29.8,-168.1,1007.0,28.0
EP12,24,2026-09-07 06:00:00,102,30.2,-169.0,1007.0,27.0
EP13,24,2026-09-07 06:00:00,102,35.8,-129.2,1016.0,15.0
WP22,24,2026-09-07 06:00:00,102,43.7,173.3,1016.0,24.0
EP11,24,2026-09-07 06:00:00,102,30.2,-169.0,1007.0,27.0
EP12,24,2026-09-07 06:00:00,108,31.1,-169.6,1008.0,28.0
EP13,24,2026-09-07 06:00:00,108,35.5,-128.3,1016.0,14.0
WP22,24,2026-09-07 06:00:00,108,44.6,174.4,1017.0,26.0
EP11,24,2026-09-07 06:00:00,108,31.1,-169.6,1008.0,28.0
EP12,24,2026-09-07 06:00:00,114,32.6,-169.5,1007.0,29.0
EP13,24,2026-09-07 06:00:00,114,35.1,-126.6,1015.0,15.0
WP22,24,2026-09-07 06:00:00,114,44.1,175.0,1018.0,26.0
EP11,24,2026-09-07 06:00:00,114,32.5,-169.6,1007.0,29.0
EP12,24,2026-09-07 06:00:00,120,34.2,-169.5,1006.0,31.0
WP22,24,2026-09-07 06:00:00,120,42.3,174.5,1016.0,27.0
EP11,24,2026-09-07 06:00:00,120,34.2,-169.5,1006.0,31.0
EP12,24,2026-09-07 06:00:00,126,35.7,-170.0,1006.0,32.0
WP22,24,2026-09-07 06:00:00,126,40.0,174.0,1014.0,26.0
EP11,24,2026-09-07 06:00:00,126,35.7,-170.0,1006.0,32.0
EP12,24,2026-09-07 06:00:00,132,37.0,-171.6,1006.0,31.0
WP22,24,2026-09-07 06:00:00,132,38.2,174.4,1013.0,26.0
EP11,24,2026-09-07 06:00:00,132,37.0,-171.6,1006.0,31.0
EP12,24,2026-09-07 06:00:00,138,38.1,-173.3,1006.0,29.0
WP22,24,2026-09-07 06:00:00,138,37.2,175.0,1012.0,23.0
EP11,24,2026-09-07 06:00:00,138,38.1,-173.3,1006.0,29.0
EP12,24,2026-09-07 06:00:00,144,39.4,-174.1,1006.0,25.0
WP22,24,2026-09-07 06:00:00,144,36.4,175.8,1011.0,20.0
EP11,24,2026-09-07 06:00:00,144,39.4,-174.1,1006.0,25.0
EP12,24,2026-09-07 06:00:00,150,41.7,-174.3,1005.0,27.0
WP22,24,2026-09-07 06:00:00,150,35.5,177.0,1011.0,19.0
EP11,24,2026-09-07 06:00:00,150,41.7,-174.3,1005.0,27.0
EP12,24,2026-09-07 06:00:00,156,45.0,-174.3,1004.0,29.0
WP22,24,2026-09-07 06:00:00,156,34.5,178.2,1010.0,18.0
EP11,24,2026-09-07 06:00:00,156,45.0,-174.3,1004.0,29.0
EP12,24,2026-09-07 06:00:00,162,47.6,-175.3,1002.0,31.0
WP22,24,2026-09-07 06:00:00,162,33.4,179.2,1010.0,16.0
EP11,24,2026-09-07 06:00:00,162,47.6,-175.3,1002.0,31.0
EP12,24,2026-09-07 06:00:00,168,48.6,-175.9,998.0,31.0
WP22,24,2026-09-07 06:00:00,168,33.2,-179.3,1009.0,16.0
EP11,24,2026-09-07 06:00:00,168,48.6,-175.9,998.0,31.0
EP12,24,2026-09-07 06:00:00,174,50.1,-176.2,994.0,31.0
WP22,24,2026-09-07 06:00:00,174,33.0,-177.9,1010.0,16.0
EP11,24,2026-09-07 06:00:00,174,50.1,-176.2,994.0,31.0
EP12,24,2026-09-07 06:00:00,180,52.0,-175.7,990.0,33.0
WP22,24,2026-09-07 06:00:00,180,33.1,-176.2,1010.0,18.0
EP11,24,2026-09-07 06:00:00,180,52.0,-175.7,990.0,33.0
EP12,24,2026-09-07 06:00:00,186,55.1,-177.5,984.0,33.0
WP22,24,2026-09-07 06:00:00,186,33.4,-174.2,1010.0,18.0
EP11,24,2026-09-07 06:00:00,186,55.0,-177.5,984.0,33.0
EP12,24,2026-09-07 06:00:00,192,57.0,-179.7,978.0,34.0
WP22,24,2026-09-07 06:00:00,192,33.9,-172.3,1011.0,19.0
EP11,24,2026-09-07 06:00:00,192,57.0,-179.7,978.0,34.0
EP12,24,2026-09-07 06:00:00,198,57.8,180.0,975.0,37.0
WP22,24,2026-09-07 06:00:00,198,34.4,-170.5,1012.0,18.0
EP11,24,2026-09-07 06:00:00,198,57.8,180.0,975.0,37.0
EP12,24,2026-09-07 06:00:00,204,58.8,-179.3,974.0,37.0
WP22,24,2026-09-07 06:00:00,204,36.3,-167.9,1014.0,19.0
EP11,24,2026-09-07 06:00:00,204,58.8,-179.3,974.0,37.0
EP12,24,2026-09-07 06:00:00,210,60.0,-177.9,974.0,37.0
WP22,24,2026-09-07 06:00:00,210,39.7,-165.0,1014.0,25.0
EP11,24,2026-09-07 06:00:00,210,60.0,-177.9,974.0,37.0
EP12,24,2026-09-07 06:00:00,216,61.8,-176.0,977.0,37.0
WP22,24,2026-09-07 06:00:00,216,44.2,-162.7,1016.0,28.0
EP11,24,2026-09-07 06:00:00,216,61.8,-176.0,977.0,37.0
EP12,24,2026-09-07 06:00:00,222,63.8,-174.0,983.0,36.0
WP22,24,2026-09-07 06:00:00,222,48.8,-159.9,1018.0,27.0
EP11,24,2026-09-07 06:00:00,222,63.8,-174.0,983.0,36.0
EP12,24,2026-09-07 06:00:00,228,66.6,-171.3,987.0,34.0
WP22,24,2026-09-07 06:00:00,228,54.3,-156.9,1020.0,26.0
EP11,24,2026-09-07 06:00:00,228,66.6,-171.3,987.0,34.0
EP12,24,2026-09-07 06:00:00,234,69.5,-169.9,990.0,30.0
WP22,24,2026-09-07 06:00:00,234,59.1,-153.5,1021.0,27.0
EP11,24,2026-09-07 06:00:00,234,69.5,-169.9,990.0,30.0
EP12,24,2026-09-07 06:00:00,240,71.8,-169.6,992.0,25.0
EP11,24,2026-09-07 06:00:00,240,71.8,-169.6,992.0,25.0
EP12,8,2026-09-07 06:00:00,0,16.0,-163.3,989.0,84.0
EP12,8,2026-09-07 06:00:00,0,16.0,-163.3,989.0,84.0
EP12,8,2026-09-07 06:00:00,0,16.0,-163.3,989.0,84.0
EP13,8,2026-09-07 06:00:00,0,24.6,-123.7,995.0,51.0
EP13,8,2026-09-07 06:00:00,0,24.6,-123.7,995.0,51.0
WP22,8,2026-09-07 06:00:00,0,27.1,133.2,993.0,33.0
EP11,8,2026-09-07 06:00:00,0,22.9,-146.4,1004.0,43.0
EP12,8,2026-09-07 06:00:00,6,16.7,-162.6,962.0,56.0
EP12,8,2026-09-07 06:00:00,6,16.7,-162.6,962.0,56.0
EP13,8,2026-09-07 06:00:00,6,24.8,-124.4,990.0,38.0
WP22,8,2026-09-07 06:00:00,6,28.1,133.2,995.0,25.0
EP11,8,2026-09-07 06:00:00,6,23.1,-147.5,1002.0,33.0
EP12,8,2026-09-07 06:00:00,12,18.0,-161.9,970.0,54.0
EP12,8,2026-09-07 06:00:00,12,18.0,-161.9,970.0,54.0
EP13,8,2026-09-07 06:00:00,12,25.1,-125.2,993.0,34.0
WP22,8,2026-09-07 06:00:00,12,29.2,132.9,995.0,24.0
EP11,8,2026-09-07 06:00:00,12,23.4,-148.9,1006.0,31.0
EP12,8,2026-09-07 06:00:00,18,19.5,-161.4,975.0,48.0
EP13,8,2026-09-07 06:00:00,18,25.4,-126.0,995.0,31.0
WP22,8,2026-09-07 06:00:00,18,30.1,132.6,997.0,23.0
EP11,8,2026-09-07 06:00:00,18,23.8,-150.5,1006.0,30.0
EP12,8,2026-09-07 06:00:00,24,20.8,-161.0,982.0,45.0
EP13,8,2026-09-07 06:00:00,24,25.6,-126.7,1000.0,28.0
WP22,8,2026-09-07 06:00:00,24,31.1,132.5,997.0,24.0
EP11,8,2026-09-07 06:00:00,24,24.4,-152.3,1008.0,30.0
EP12,8,2026-09-07 06:00:00,30,22.2,-160.7,987.0,41.0
EP13,8,2026-09-07 06:00:00,30,26.1,-127.4,1001.0,27.0
WP22,8,2026-09-07 06:00:00,30,32.0,132.8,1000.0,24.0
EP11,8,2026-09-07 06:00:00,30,25.7,-153.9,1009.0,30.0
EP12,8,2026-09-07 06:00:00,36,23.4,-160.4,993.0,37.0
EP13,8,2026-09-07 06:00:00,36,26.7,-127.9,1004.0,25.0
WP22,8,2026-09-07 06:00:00,36,33.1,133.2,1001.0,28.0
EP11,8,2026-09-07 06:00:00,36,27.3,-156.2,1010.0,30.0
EP12,8,2026-09-07 06:00:00,42,24.7,-160.3,996.0,32.0
EP13,8,2026-09-07 06:00:00,42,27.5,-128.3,1004.0,25.0
WP22,8,2026-09-07 06:00:00,42,34.1,134.8,1005.0,26.0
EP11,8,2026-09-07 06:00:00,42,29.0,-159.9,1010.0,29.0
EP12,8,2026-09-07 06:00:00,48,25.7,-160.4,1000.0,31.0
EP13,8,2026-09-07 06:00:00,48,28.4,-128.7,1007.0,24.0
WP22,8,2026-09-07 06:00:00,48,35.2,137.2,1006.0,24.0
EP11,8,2026-09-07 06:00:00,48,29.6,-162.0,1007.0,28.0
EP12,8,2026-09-07 06:00:00,54,26.6,-161.0,1001.0,31.0
EP13,8,2026-09-07 06:00:00,54,29.6,-129.3,1008.0,23.0
WP22,8,2026-09-07 06:00:00,54,35.6,139.5,1011.0,22.0
EP12,8,2026-09-07 06:00:00,60,27.3,-162.0,1004.0,31.0
EP13,8,2026-09-07 06:00:00,60,31.0,-129.9,1011.0,22.0
WP22,8,2026-09-07 06:00:00,60,36.6,143.2,1013.0,23.0
EP12,8,2026-09-07 06:00:00,66,27.9,-163.2,1005.0,30.0
EP13,8,2026-09-07 06:00:00,66,32.4,-130.7,1012.0,20.0
WP22,8,2026-09-07 06:00:00,66,38.6,148.5,1016.0,18.0
EP12,8,2026-09-07 06:00:00,72,28.0,-164.5,1006.0,29.0
EP13,8,2026-09-07 06:00:00,72,33.5,-131.5,1015.0,20.0
WP22,8,2026-09-07 06:00:00,72,38.8,152.9,1016.0,17.0
EP12,8,2026-09-07 06:00:00,78,28.1,-166.1,1008.0,28.0
EP13,8,2026-09-07 06:00:00,78,34.2,-132.7,1016.0,19.0
WP22,8,2026-09-07 06:00:00,78,39.5,156.2,1019.0,16.0
EP12,8,2026-09-07 06:00:00,84,28.1,-167.6,1009.0,26.0
EP13,8,2026-09-07 06:00:00,84,34.7,-133.2,1019.0,17.0
WP22,8,2026-09-07 06:00:00,84,40.4,161.2,1019.0,17.0
EP12,8,2026-09-07 06:00:00,90,28.2,-169.0,1009.0,23.0
EP13,8,2026-09-07 06:00:00,90,35.3,-133.0,1018.0,14.0
WP22,8,2026-09-07 06:00:00,90,41.6,166.7,1019.0,18.0
EP12,8,2026-09-07 06:00:00,96,28.3,-170.2,1009.0,22.0
EP13,8,2026-09-07 06:00:00,96,36.2,-131.7,1019.0,12.0
WP22,8,2026-09-07 06:00:00,96,42.9,172.4,1018.0,20.0
EP12,8,2026-09-07 06:00:00,102,28.5,-171.2,1010.0,21.0
WP22,8,2026-09-07 06:00:00,102,45.0,175.1,1020.0,21.0
EP12,8,2026-09-07 06:00:00,108,29.1,-172.0,1010.0,20.0
WP22,8,2026-09-07 06:00:00,108,45.2,175.7,1021.0,22.0
EP12,8,2026-09-07 06:00:00,114,30.6,-172.4,1010.0,22.0
WP22,8,2026-09-07 06:00:00,114,44.1,175.1,1021.0,22.0
EP12,8,2026-09-07 06:00:00,120,31.9,-172.7,1009.0,23.0
WP22,8,2026-09-07 06:00:00,120,42.9,174.5,1019.0,21.0
EP12,8,2026-09-07 06:00:00,126,32.4,-173.7,1009.0,24.0
WP22,8,2026-09-07 06:00:00,126,42.3,174.1,1019.0,21.0
EP12,8,2026-09-07 06:00:00,132,32.2,-175.2,1009.0,19.0
WP22,8,2026-09-07 06:00:00,132,41.3,173.8,1017.0,20.0
EP12,8,2026-09-07 06:00:00,138,30.7,-176.9,1010.0,16.0
WP22,8,2026-09-07 06:00:00,138,40.2,173.8,1016.0,19.0
EP12,8,2026-09-07 06:00:00,144,30.2,-177.3,1009.0,16.0
WP22,8,2026-09-07 06:00:00,144,39.9,173.6,1016.0,19.0
EP12,8,2026-09-07 06:00:00,150,29.6,-177.8,1010.0,14.0
EP12,8,2026-09-07 06:00:00,156,28.9,-178.1,1010.0,13.0
EP12,8,2026-09-07 06:00:00,162,28.3,-178.3,1010.0,11.0
EP12,8,2026-09-07 06:00:00,168,27.8,-178.5,1009.0,12.0
EP12,8,2026-09-07 06:00:00,174,27.3,-178.7,1011.0,11.0
EP12,8,2026-09-07 06:00:00,180,26.9,-178.9,1010.0,12.0
EP12,8,2026-09-07 06:00:00,186,26.5,-178.9,1011.0,13.0
EP12,8,2026-09-07 06:00:00,192,25.9,-179.1,1011.0,15.0
EP12,8,2026-09-07 06:00:00,198,25.5,-179.6,1012.0,15.0
EP12,8,2026-09-07 06:00:00,204,25.5,179.7,1011.0,15.0
EP12,8,2026-09-07 06:00:00,210,25.6,178.7,1013.0,15.0
EP12,8,2026-09-07 06:00:00,216,25.5,177.3,1012.0,16.0
EP12,8,2026-09-07 06:00:00,222,25.3,175.6,1013.0,16.0
EP12,8,2026-09-07 06:00:00,228,25.4,173.9,1012.0,16.0
EP12,19,2026-09-07 06:00:00,0,15.9,-163.5,988.0,85.0
EP12,19,2026-09-07 06:00:00,0,15.9,-163.5,988.0,85.0
EP12,19,2026-09-07 06:00:00,0,15.9,-163.5,988.0,85.0
EP13,19,2026-09-07 06:00:00,0,24.1,-123.8,995.0,48.0
WP22,19,2026-09-07 06:00:00,0,27.1,132.2,993.0,32.0
EP11,19,2026-09-07 06:00:00,0,23.2,-146.3,1005.0,41.0
EP12,19,2026-09-07 06:00:00,6,16.8,-163.1,958.0,69.0
EP12,19,2026-09-07 06:00:00,6,16.8,-163.1,958.0,69.0
EP12,19,2026-09-07 06:00:00,6,16.8,-163.1,958.0,69.0
EP13,19,2026-09-07 06:00:00,6,24.4,-124.1,990.0,40.0
WP22,19,2026-09-07 06:00:00,6,27.7,132.6,993.0,24.0
EP11,19,2026-09-07 06:00:00,6,23.5,-147.3,1003.0,33.0
EP12,19,2026-09-07 06:00:00,12,17.9,-162.5,962.0,63.0
EP12,19,2026-09-07 06:00:00,12,17.9,-162.5,962.0,63.0
EP13,19,2026-09-07 06:00:00,12,24.9,-124.6,992.0,38.0
WP22,19,2026-09-07 06:00:00,12,28.7,132.5,992.0,26.0
EP11,19,2026-09-07 06:00:00,12,23.8,-148.5,1006.0,32.0
EP12,19,2026-09-07 06:00:00,18,19.3,-162.0,964.0,66.0
EP12,19,2026-09-07 06:00:00,18,19.3,-162.0,964.0,66.0
EP12,19,2026-09-07 06:00:00,18,19.3,-162.0,964.0,66.0
EP13,19,2026-09-07 06:00:00,18,25.3,-125.3,993.0,33.0
WP22,19,2026-09-07 06:00:00,18,29.7,132.2,995.0,26.0
EP11,19,2026-09-07 06:00:00,18,24.3,-149.8,1007.0,29.0
EP12,19,2026-09-07 06:00:00,24,20.7,-161.4,967.0,61.0
EP12,19,2026-09-07 06:00:00,24,20.7,-161.4,967.0,61.0
EP13,19,2026-09-07 06:00:00,24,25.6,-125.9,998.0,31.0
WP22,19,2026-09-07 06:00:00,24,30.5,132.2,994.0,26.0
EP11,19,2026-09-07 06:00:00,24,24.8,-151.4,1009.0,29.0
EP12,19,2026-09-07 06:00:00,30,22.2,-161.0,971.0,63.0
EP12,19,2026-09-07 06:00:00,30,22.2,-161.0,971.0,63.0
EP13,19,2026-09-07 06:00:00,30,26.2,-126.4,999.0,29.0
WP22,19,2026-09-07 06:00:00,30,31.2,132.3,997.0,27.0
EP11,19,2026-09-07 06:00:00,30,25.9,-152.8,1009.0,29.0
EP12,19,2026-09-07 06:00:00,36,23.8,-160.7,977.0,56.0
EP12,19,2026-09-07 06:00:00,36,23.8,-160.7,977.0,56.0
EP13,19,2026-09-07 06:00:00,36,27.1,-126.7,1003.0,28.0
WP22,19,2026-09-07 06:00:00,36,32.0,132.5,998.0,33.0
EP11,19,2026-09-07 06:00:00,36,27.3,-154.7,1010.0,29.0
EP12,19,2026-09-07 06:00:00,42,25.2,-160.5,979.0,52.0
EP12,19,2026-09-07 06:00:00,42,25.2,-160.5,979.0,52.0
EP13,19,2026-09-07 06:00:00,42,28.1,-126.9,1003.0,26.0
WP22,19,2026-09-07 06:00:00,42,33.0,133.1,1002.0,35.0
EP11,19,2026-09-07 06:00:00,42,28.8,-158.0,1002.0,37.0
EP12,19,2026-09-07 06:00:00,48,26.5,-160.5,986.0,48.0
EP13,19,2026-09-07 06:00:00,48,29.2,-127.1,1007.0,24.0
WP22,19,2026-09-07 06:00:00,48,33.6,134.1,1004.0,33.0
EP11,19,2026-09-07 06:00:00,48,29.9,-161.3,990.0,42.0
EP12,19,2026-09-07 06:00:00,54,27.7,-161.1,990.0,47.0
EP13,19,2026-09-07 06:00:00,54,30.5,-127.4,1008.0,22.0
WP22,19,2026-09-07 06:00:00,54,34.8,136.4,1008.0,26.0
EP12,19,2026-09-07 06:00:00,60,28.5,-161.9,995.0,43.0
EP13,19,2026-09-07 06:00:00,60,32.0,-127.6,1012.0,19.0
WP22,19,2026-09-07 06:00:00,60,35.8,137.4,1011.0,25.0
EP12,19,2026-09-07 06:00:00,66,29.1,-163.0,997.0,39.0
EP13,19,2026-09-07 06:00:00,66,33.5,-128.1,1013.0,14.0
WP22,19,2026-09-07 06:00:00,66,36.4,139.9,1015.0,24.0
EP12,19,2026-09-07 06:00:00,72,29.5,-163.9,1000.0,37.0
EP13,19,2026-09-07 06:00:00,72,34.8,-128.7,1016.0,13.0
WP22,19,2026-09-07 06:00:00,72,37.4,143.7,1018.0,20.0
EP12,19,2026-09-07 06:00:00,78,29.8,-165.1,1002.0,35.0
EP13,19,2026-09-07 06:00:00,78,35.5,-129.4,1017.0,14.0
WP22,19,2026-09-07 06:00:00,78,38.1,147.9,1020.0,16.0
EP12,19,2026-09-07 06:00:00,84,30.0,-166.1,1004.0,33.0
EP13,19,2026-09-07 06:00:00,84,36.0,-129.5,1019.0,14.0
WP22,19,2026-09-07 06:00:00,84,39.3,152.8,1021.0,16.0
EP12,19,2026-09-07 06:00:00,90,30.3,-167.0,1005.0,31.0
EP13,19,2026-09-07 06:00:00,90,36.4,-129.2,1017.0,15.0
WP22,19,2026-09-07 06:00:00,90,40.4,157.2,1021.0,17.0
EP12,19,2026-09-07 06:00:00,96,30.8,-167.7,1005.0,31.0
EP13,19,2026-09-07 06:00:00,96,36.6,-129.3,1018.0,15.0
WP22,19,2026-09-07 06:00:00,96,40.3,161.7,1023.0,19.0
EP12,19,2026-09-07 06:00:00,102,31.8,-168.1,1005.0,33.0
EP13,19,2026-09-07 06:00:00,102,36.0,-128.1,1017.0,15.0
WP22,19,2026-09-07 06:00:00,102,40.5,167.4,1022.0,20.0
EP12,19,2026-09-07 06:00:00,108,34.1,-168.2,1004.0,36.0
EP13,19,2026-09-07 06:00:00,108,35.3,-125.8,1016.0,15.0
WP22,19,2026-09-07 06:00:00,108,41.0,173.8,1018.0,24.0
EP12,19,2026-09-07 06:00:00,114,36.1,-168.8,1002.0,39.0
WP22,19,2026-09-07 06:00:00,114,40.9,175.5,1017.0,24.0
EP12,19,2026-09-07 06:00:00,120,37.3,-170.7,1002.0,36.0
WP22,19,2026-09-07 06:00:00,120,40.8,175.0,1016.0,24.0
EP12,19,2026-09-07 06:00:00,126,37.4,-172.5,1003.0,29.0
WP22,19,2026-09-07 06:00:00,126,40.5,174.6,1016.0,23.0
EP12,19,2026-09-07 06:00:00,132,36.3,-173.4,1004.0,25.0
WP22,19,2026-09-07 06:00:00,132,39.0,174.6,1014.0,22.0
EP12,19,2026-09-07 06:00:00,138,35.2,-173.0,1004.0,24.0
WP22,19,2026-09-07 06:00:00,138,36.7,175.4,1013.0,16.0
EP12,19,2026-09-07 06:00:00,144,35.0,-172.9,1004.0,23.0
WP22,19,2026-09-07 06:00:00,144,35.5,176.7,1012.0,16.0
EP12,19,2026-09-07 06:00:00,150,34.9,-172.8,1004.0,22.0
WP22,19,2026-09-07 06:00:00,150,34.4,177.6,1011.0,16.0
EP12,19,2026-09-07 06:00:00,156,35.1,-172.5,1005.0,19.0
WP22,19,2026-09-07 06:00:00,156,32.8,177.3,1011.0,17.0
EP12,19,2026-09-07 06:00:00,162,35.5,-172.1,1004.0,20.0
WP22,19,2026-09-07 06:00:00,162,31.9,177.1,1010.0,18.0
EP12,19,2026-09-07 06:00:00,168,36.1,-171.8,1004.0,20.0
WP22,19,2026-09-07 06:00:00,168,30.3,177.3,1011.0,19.0
EP12,19,2026-09-07 06:00:00,174,36.9,-171.5,1004.0,24.0
WP22,19,2026-09-07 06:00:00,174,29.1,178.3,1010.0,18.0
EP12,19,2026-09-07 06:00:00,180,37.8,-171.2,1003.0,28.0
WP22,19,2026-09-07 06:00:00,180,28.8,-179.5,1010.0,19.0
EP12,19,2026-09-07 06:00:00,186,38.8,-171.1,1003.0,30.0
WP22,19,2026-09-07 06:00:00,186,28.9,-175.8,1009.0,19.0
EP12,19,2026-09-07 06:00:00,192,38.9,-170.9,1004.0,30.0
WP22,19,2026-09-07 06:00:00,192,29.5,-172.6,1008.0,18.0
EP12,19,2026-09-07 06:00:00,198,38.6,-170.9,1005.0,28.0
WP22,19,2026-09-07 06:00:00,198,30.2,-171.3,1007.0,17.0
EP12,19,2026-09-07 06:00:00,204,38.1,-170.7,1005.0,27.0
WP22,19,2026-09-07 06:00:00,204,29.8,-169.9,1008.0,17.0
EP12,19,2026-09-07 06:00:00,210,37.6,-170.3,1005.0,26.0
WP22,19,2026-09-07 06:00:00,210,31.3,-168.3,1007.0,20.0
EP12,19,2026-09-07 06:00:00,216,37.8,-169.8,1005.0,25.0
WP22,19,2026-09-07 06:00:00,216,32.9,-167.0,1006.0,24.0
EP12,19,2026-09-07 06:00:00,222,38.1,-169.2,1005.0,23.0
WP22,19,2026-09-07 06:00:00,222,34.4,-166.0,1007.0,26.0
EP12,19,2026-09-07 06:00:00,228,39.0,-168.3,1006.0,23.0
EP12,19,2026-09-07 06:00:00,234,41.1,-168.1,1007.0,27.0
EP12,19,2026-09-07 06:00:00,240,44.9,-168.6,1008.0,28.0
EP12,18,2026-09-07 06:00:00,0,16.1,-163.1,989.0,81.0
EP12,18,2026-09-07 06:00:00,0,16.1,-163.1,989.0,81.0
EP12,18,2026-09-07 06:00:00,0,16.1,-163.1,989.0,81.0
EP13,18,2026-09-07 06:00:00,0,24.4,-123.5,995.0,51.0
EP13,18,2026-09-07 06:00:00,0,24.4,-123.5,995.0,51.0
WP22,18,2026-09-07 06:00:00,0,27.1,132.9,993.0,35.0
EP11,18,2026-09-07 06:00:00,0,23.2,-146.3,1004.0,44.0
EP12,18,2026-09-07 06:00:00,6,17.0,-162.4,961.0,57.0
EP12,18,2026-09-07 06:00:00,6,17.0,-162.4,961.0,57.0
EP13,18,2026-09-07 06:00:00,6,24.7,-124.1,988.0,43.0
WP22,18,2026-09-07 06:00:00,6,28.2,133.2,991.0,27.0
EP11,18,2026-09-07 06:00:00,6,23.4,-147.4,1002.0,35.0
EP12,18,2026-09-07 06:00:00,12,18.2,-161.7,966.0,61.0
EP12,18,2026-09-07 06:00:00,12,18.2,-161.7,966.0,61.0
EP13,18,2026-09-07 06:00:00,12,25.2,-124.9,991.0,38.0
WP22,18,2026-09-07 06:00:00,12,29.3,133.0,992.0,28.0
EP11,18,2026-09-07 06:00:00,12,23.6,-148.8,1005.0,32.0
EP12,18,2026-09-07 06:00:00,18,19.6,-161.3,969.0,55.0
EP12,18,2026-09-07 06:00:00,18,19.6,-161.3,969.0,55.0
EP13,18,2026-09-07 06:00:00,18,25.4,-125.6,993.0,33.0
WP22,18,2026-09-07 06:00:00,18,30.5,132.7,994.0,27.0
EP11,18,2026-09-07 06:00:00,18,24.0,-150.3,1006.0,30.0
EP12,18,2026-09-07 06:00:00,24,21.0,-160.8,977.0,52.0
EP12,18,2026-09-07 06:00:00,24,21.0,-160.8,977.0,52.0
EP13,18,2026-09-07 06:00:00,24,25.6,-126.3,996.0,31.0
WP22,18,2026-09-07 06:00:00,24,31.4,132.7,994.0,26.0
EP11,18,2026-09-07 06:00:00,24,24.6,-152.0,1008.0,29.0
EP12,18,2026-09-07 06:00:00,30,22.5,-160.5,987.0,41.0
EP13,18,2026-09-07 06:00:00,30,26.0,-127.0,998.0,29.0
WP22,18,2026-09-07 06:00:00,30,32.4,133.1,998.0,28.0
EP11,18,2026-09-07 06:00:00,30,25.8,-153.6,1009.0,30.0
EP12,18,2026-09-07 06:00:00,36,24.0,-160.3,991.0,37.0
EP13,18,2026-09-07 06:00:00,36,26.6,-127.4,1002.0,28.0
WP22,18,2026-09-07 06:00:00,36,33.4,133.7,999.0,29.0
EP11,18,2026-09-07 06:00:00,36,27.3,-155.7,1010.0,30.0
EP12,18,2026-09-07 06:00:00,42,25.3,-160.4,993.0,35.0
EP13,18,2026-09-07 06:00:00,42,27.4,-127.7,1001.0,26.0
WP22,18,2026-09-07 06:00:00,42,34.9,135.8,1004.0,28.0
EP11,18,2026-09-07 06:00:00,42,28.1,-159.3,1000.0,35.0
EP12,18,2026-09-07 06:00:00,48,26.4,-160.6,998.0,33.0
EP13,18,2026-09-07 06:00:00,48,28.3,-128.1,1005.0,24.0
WP22,18,2026-09-07 06:00:00,48,36.0,139.3,1004.0,24.0
EP11,18,2026-09-07 06:00:00,48,27.0,-160.9,998.0,33.0
EP12,18,2026-09-07 06:00:00,54,27.4,-161.3,999.0,32.0
EP13,18,2026-09-07 06:00:00,54,29.6,-128.6,1006.0,24.0
WP22,18,2026-09-07 06:00:00,54,37.4,143.6,1008.0,24.0
EP11,18,2026-09-07 06:00:00,54,27.4,-161.3,999.0,32.0
EP12,18,2026-09-07 06:00:00,60,28.2,-162.3,1002.0,31.0
EP13,18,2026-09-07 06:00:00,60,31.0,-129.0,1010.0,22.0
WP22,18,2026-09-07 06:00:00,60,38.7,148.0,1009.0,23.0
EP11,18,2026-09-07 06:00:00,60,28.2,-162.3,1002.0,31.0
EP12,18,2026-09-07 06:00:00,66,28.6,-163.5,1004.0,30.0
EP13,18,2026-09-07 06:00:00,66,32.4,-129.8,1010.0,19.0
WP22,18,2026-09-07 06:00:00,66,39.8,152.1,1012.0,19.0
EP11,18,2026-09-07 06:00:00,66,28.7,-163.5,1004.0,30.0
EP12,18,2026-09-07 06:00:00,72,28.8,-164.8,1005.0,28.0
EP13,18,2026-09-07 06:00:00,72,33.5,-130.7,1014.0,18.0
WP22,18,2026-09-07 06:00:00,72,40.8,156.1,1013.0,18.0
EP11,18,2026-09-07 06:00:00,72,28.8,-164.8,1005.0,28.0
EP12,18,2026-09-07 06:00:00,78,28.9,-166.3,1006.0,27.0
EP13,18,2026-09-07 06:00:00,78,34.3,-131.9,1014.0,18.0
WP22,18,2026-09-07 06:00:00,78,42.2,160.3,1016.0,17.0
EP11,18,2026-09-07 06:00:00,78,28.9,-166.3,1006.0,27.0
EP12,18,2026-09-07 06:00:00,84,29.1,-167.8,1008.0,24.0
EP13,18,2026-09-07 06:00:00,84,34.8,-132.5,1017.0,18.0
WP22,18,2026-09-07 06:00:00,84,43.8,166.4,1017.0,20.0
EP11,18,2026-09-07 06:00:00,84,29.1,-167.8,1008.0,24.0
EP12,18,2026-09-07 06:00:00,90,29.3,-169.0,1008.0,22.0
EP13,18,2026-09-07 06:00:00,90,35.1,-132.8,1017.0,16.0
WP22,18,2026-09-07 06:00:00,90,45.3,174.1,1014.0,23.0
EP11,18,2026-09-07 06:00:00,90,29.3,-169.0,1008.0,22.0
EP12,18,2026-09-07 06:00:00,96,29.4,-169.9,1008.0,20.0
EP13,18,2026-09-07 06:00:00,96,35.5,-132.6,1018.0,15.0
WP22,18,2026-09-07 06:00:00,96,46.8,178.8,1014.0,22.0
EP11,18,2026-09-07 06:00:00,96,29.4,-169.9,1008.0,20.0
EP12,18,2026-09-07 06:00:00,102,29.5,-170.7,1009.0,19.0
EP13,18,2026-09-07 06:00:00,102,36.3,-130.9,1017.0,11.0
WP22,18,2026-09-07 06:00:00,102,48.0,-178.9,1016.0,21.0
EP11,18,2026-09-07 06:00:00,102,29.5,-170.7,1009.0,19.0
EP12,18,2026-09-07 06:00:00,108,29.6,-171.3,1009.0,18.0
WP22,18,2026-09-07 06:00:00,108,49.0,-176.1,1017.0,21.0
EP11,18,2026-09-07 06:00:00,108,29.6,-171.3,1009.0,18.0
EP12,18,2026-09-07 06:00:00,114,29.6,-171.5,1009.0,18.0
WP22,18,2026-09-07 06:00:00,114,49.2,-174.2,1019.0,19.0
EP11,18,2026-09-07 06:00:00,114,29.6,-171.5,1009.0,18.0
EP12,18,2026-09-07 06:00:00,120,29.6,-171.6,1008.0,18.0
WP22,18,2026-09-07 06:00:00,120,49.0,-172.2,1019.0,18.0
EP11,18,2026-09-07 06:00:00,120,29.6,-171.6,1008.0,18.0
EP12,18,2026-09-07 06:00:00,126,29.5,-171.7,1009.0,17.0
WP22,18,2026-09-07 06:00:00,126,49.2,-170.0,1018.0,13.0
EP11,18,2026-09-07 06:00:00,126,29.6,-171.7,1009.0,17.0
EP12,18,2026-09-07 06:00:00,132,30.5,-171.1,1009.0,17.0
WP22,18,2026-09-07 06:00:00,132,49.3,-166.7,1016.0,15.0
EP11,18,2026-09-07 06:00:00,132,30.5,-171.1,1009.0,17.0
EP12,18,2026-09-07 06:00:00,138,31.0,-170.7,1009.0,17.0
WP22,18,2026-09-07 06:00:00,138,51.3,-164.5,1015.0,17.0
EP11,18,2026-09-07 06:00:00,138,31.0,-170.7,1009.0,17.0
EP12,18,2026-09-07 06:00:00,144,30.8,-171.0,1008.0,16.0
WP22,18,2026-09-07 06:00:00,144,52.9,-162.8,1013.0,18.0
EP11,18,2026-09-07 06:00:00,144,30.8,-171.0,1008.0,16.0
EP12,18,2026-09-07 06:00:00,150,30.8,-171.5,1009.0,18.0
WP22,18,2026-09-07 06:00:00,150,54.2,-161.3,1011.0,20.0
EP11,18,2026-09-07 06:00:00,150,30.8,-171.5,1009.0,18.0
EP12,18,2026-09-07 06:00:00,156,30.6,-172.4,1010.0,17.0
WP22,18,2026-09-07 06:00:00,156,56.1,-159.6,1010.0,21.0
EP11,18,2026-09-07 06:00:00,156,30.7,-172.4,1010.0,17.0
EP12,18,2026-09-07 06:00:00,162,30.6,-172.8,1010.0,17.0
WP22,18,2026-09-07 06:00:00,162,57.9,-158.3,1009.0,20.0
EP11,18,2026-09-07 06:00:00,162,30.6,-172.8,1010.0,17.0
EP12,18,2026-09-07 06:00:00,168,30.4,-173.1,1011.0,14.0
WP22,18,2026-09-07 06:00:00,168,59.0,-157.6,1009.0,20.0
EP11,18,2026-09-07 06:00:00,168,30.4,-173.1,1011.0,14.0
EP12,18,2026-09-07 06:00:00,174,31.3,-173.2,1012.0,16.0
WP22,18,2026-09-07 06:00:00,174,59.8,-157.2,1010.0,17.0
EP11,18,2026-09-07 06:00:00,174,31.3,-173.2,1012.0,16.0
EP12,18,2026-09-07 06:00:00,180,31.0,-173.8,1013.0,13.0
WP22,18,2026-09-07 06:00:00,180,62.1,-156.5,1011.0,5.0
EP11,18,2026-09-07 06:00:00,180,31.0,-173.8,1013.0,13.0
EP12,18,2026-09-07 06:00:00,186,29.5,-174.5,1013.0,11.0
EP11,18,2026-09-07 06:00:00,186,29.5,-174.5,1013.0,11.0
EP12,9,2026-09-07 06:00:00,0,16.1,-163.5,989.0,76.0
EP12,9,2026-09-07 06:00:00,0,16.1,-163.5,989.0,76.0
EP12,9,2026-09-07 06:00:00,0,16.1,-163.5,989.0,76.0
EP13,9,2026-09-07 06:00:00,0,24.2,-124.0,994.0,49.0
WP22,9,2026-09-07 06:00:00,0,27.4,132.4,994.0,33.0
EP11,9,2026-09-07 06:00:00,0,22.9,-146.2,1005.0,42.0
EP12,9,2026-09-07 06:00:00,6,16.9,-163.0,965.0,58.0
EP12,9,2026-09-07 06:00:00,6,16.9,-163.0,965.0,58.0
EP13,9,2026-09-07 06:00:00,6,24.3,-124.7,991.0,37.0
WP22,9,2026-09-07 06:00:00,6,28.1,132.5,994.0,23.0
EP11,9,2026-09-07 06:00:00,6,23.1,-147.2,1003.0,32.0
EP12,9,2026-09-07 06:00:00,12,17.9,-162.4,972.0,47.0
EP13,9,2026-09-07 06:00:00,12,24.5,-125.5,993.0,34.0
WP22,9,2026-09-07 06:00:00,12,28.9,132.3,994.0,22.0
EP11,9,2026-09-07 06:00:00,12,23.3,-148.5,1006.0,30.0
EP12,9,2026-09-07 06:00:00,18,19.3,-162.1,977.0,45.0
EP13,9,2026-09-07 06:00:00,18,24.8,-126.4,994.0,31.0
WP22,9,2026-09-07 06:00:00,18,29.6,132.0,997.0,21.0
EP11,9,2026-09-07 06:00:00,18,23.6,-150.1,1007.0,29.0
EP12,9,2026-09-07 06:00:00,24,20.6,-161.6,984.0,43.0
EP13,9,2026-09-07 06:00:00,24,25.1,-127.2,998.0,30.0
WP22,9,2026-09-07 06:00:00,24,30.4,131.9,997.0,22.0
EP11,9,2026-09-07 06:00:00,24,24.2,-151.7,1009.0,29.0
EP12,9,2026-09-07 06:00:00,30,22.1,-161.2,986.0,41.0
EP13,9,2026-09-07 06:00:00,30,25.6,-128.0,999.0,27.0
WP22,9,2026-09-07 06:00:00,30,31.1,132.0,1000.0,24.0
EP11,9,2026-09-07 06:00:00,30,25.2,-153.1,1009.0,29.0
EP12,9,2026-09-07 06:00:00,36,23.5,-161.1,991.0,35.0
EP13,9,2026-09-07 06:00:00,36,26.2,-128.6,1003.0,26.0
WP22,9,2026-09-07 06:00:00,36,31.9,132.2,1001.0,27.0
EP11,9,2026-09-07 06:00:00,36,26.4,-154.8,1011.0,29.0
EP12,9,2026-09-07 06:00:00,42,24.6,-161.0,994.0,33.0
EP13,9,2026-09-07 06:00:00,42,27.0,-129.0,1002.0,26.0
WP22,9,2026-09-07 06:00:00,42,32.9,132.8,1004.0,30.0
EP11,9,2026-09-07 06:00:00,42,26.9,-158.4,1002.0,33.0
EP12,9,2026-09-07 06:00:00,48,25.6,-161.1,998.0,31.0
EP13,9,2026-09-07 06:00:00,48,27.9,-129.3,1005.0,25.0
WP22,9,2026-09-07 06:00:00,48,33.3,133.5,1005.0,28.0
EP11,9,2026-09-07 06:00:00,48,25.8,-161.1,998.0,31.0
EP12,9,2026-09-07 06:00:00,54,26.3,-161.7,1001.0,31.0
EP13,9,2026-09-07 06:00:00,54,29.3,-129.7,1006.0,25.0
WP22,9,2026-09-07 06:00:00,54,34.3,135.2,1009.0,24.0
EP11,9,2026-09-07 06:00:00,54,26.4,-161.7,1001.0,31.0
EP12,9,2026-09-07 06:00:00,60,26.9,-162.6,1003.0,29.0
EP13,9,2026-09-07 06:00:00,60,30.7,-130.2,1010.0,23.0
WP22,9,2026-09-07 06:00:00,60,35.6,137.0,1010.0,22.0
EP11,9,2026-09-07 06:00:00,60,26.9,-162.6,1003.0,29.0
EP12,9,2026-09-07 06:00:00,66,27.3,-163.7,1004.0,28.0
EP13,9,2026-09-07 06:00:00,66,32.2,-131.1,1010.0,22.0
WP22,9,2026-09-07 06:00:00,66,36.4,139.1,1014.0,21.0
EP11,9,2026-09-07 06:00:00,66,27.3,-163.7,1004.0,28.0
EP12,9,2026-09-07 06:00:00,72,27.3,-164.8,1006.0,27.0
EP13,9,2026-09-07 06:00:00,72,33.6,-131.9,1014.0,22.0
WP22,9,2026-09-07 06:00:00,72,37.4,142.3,1015.0,19.0
EP11,9,2026-09-07 06:00:00,72,27.3,-164.8,1006.0,27.0
EP12,9,2026-09-07 06:00:00,78,27.2,-166.2,1007.0,26.0
EP13,9,2026-09-07 06:00:00,78,34.2,-133.3,1016.0,21.0
WP22,9,2026-09-07 06:00:00,78,38.0,144.8,1017.0,16.0
EP11,9,2026-09-07 06:00:00,78,27.3,-166.2,1007.0,26.0
EP12,9,2026-09-07 06:00:00,84,27.2,-167.6,1008.0,24.0
EP13,9,2026-09-07 06:00:00,84,34.8,-134.6,1019.0,20.0
WP22,9,2026-09-07 06:00:00,84,39.3,146.2,1019.0,16.0
EP11,9,2026-09-07 06:00:00,84,27.2,-167.6,1008.0,24.0
EP12,9,2026-09-07 06:00:00,90,27.2,-168.8,1009.0,22.0
WP22,9,2026-09-07 06:00:00,90,40.6,150.1,1022.0,17.0
EP11,9,2026-09-07 06:00:00,90,27.2,-168.8,1009.0,22.0
EP12,9,2026-09-07 06:00:00,96,27.0,-169.7,1008.0,20.0
WP22,9,2026-09-07 06:00:00,96,41.0,152.2,1022.0,16.0
EP11,9,2026-09-07 06:00:00,96,27.0,-169.7,1008.0,20.0
EP12,9,2026-09-07 06:00:00,102,27.0,-170.5,1009.0,19.0
WP22,9,2026-09-07 06:00:00,102,41.4,154.9,1024.0,17.0
EP11,9,2026-09-07 06:00:00,102,27.0,-170.5,1009.0,19.0
EP12,9,2026-09-07 06:00:00,108,27.3,-171.1,1009.0,18.0
WP22,9,2026-09-07 06:00:00,108,41.6,157.1,1023.0,17.0
EP11,9,2026-09-07 06:00:00,108,27.3,-171.1,1009.0,18.0
EP12,9,2026-09-07 06:00:00,114,27.9,-171.2,1008.0,20.0
WP22,9,2026-09-07 06:00:00,114,41.7,158.9,1022.0,16.0
EP11,9,2026-09-07 06:00:00,114,27.8,-171.2,1008.0,20.0
EP12,9,2026-09-07 06:00:00,120,29.4,-170.9,1007.0,24.0
WP22,9,2026-09-07 06:00:00,120,41.8,160.0,1021.0,14.0
EP11,9,2026-09-07 06:00:00,120,29.4,-170.9,1007.0,24.0
EP12,9,2026-09-07 06:00:00,126,31.3,-171.3,1006.0,28.0
EP11,9,2026-09-07 06:00:00,126,31.3,-171.3,1006.0,28.0
EP12,9,2026-09-07 06:00:00,132,32.3,-173.3,1005.0,27.0
EP11,9,2026-09-07 06:00:00,132,32.3,-173.3,1005.0,27.0
EP12,9,2026-09-07 06:00:00,138,31.7,-175.4,1005.0,22.0
EP11,9,2026-09-07 06:00:00,138,31.7,-175.4,1005.0,22.0
EP12,9,2026-09-07 06:00:00,144,31.1,-176.1,1004.0,21.0
EP11,9,2026-09-07 06:00:00,144,31.1,-176.1,1004.0,21.0
EP12,9,2026-09-07 06:00:00,150,30.6,-176.6,1005.0,18.0
EP11,9,2026-09-07 06:00:00,150,30.6,-176.6,1005.0,18.0
EP12,9,2026-09-07 06:00:00,156,30.4,-176.8,1005.0,17.0
EP11,9,2026-09-07 06:00:00,156,30.4,-176.8,1005.0,17.0
EP12,9,2026-09-07 06:00:00,162,30.3,-176.9,1006.0,18.0
EP11,9,2026-09-07 06:00:00,162,30.3,-176.9,1006.0,18.0
EP12,9,2026-09-07 06:00:00,168,30.3,-176.8,1005.0,17.0
EP11,9,2026-09-07 06:00:00,168,30.3,-176.8,1005.0,17.0
EP12,9,2026-09-07 06:00:00,174,30.5,-176.7,1006.0,17.0
EP11,9,2026-09-07 06:00:00,174,30.5,-176.7,1006.0,17.0
EP12,9,2026-09-07 06:00:00,180,30.9,-176.5,1006.0,16.0
EP11,9,2026-09-07 06:00:00,180,30.9,-176.5,1006.0,16.0
EP12,9,2026-09-07 06:00:00,186,31.3,-175.7,1007.0,17.0
EP11,9,2026-09-07 06:00:00,186,31.3,-175.7,1007.0,17.0
EP12,9,2026-09-07 06:00:00,192,32.0,-174.7,1006.0,23.0
EP11,9,2026-09-07 06:00:00,192,32.0,-174.7,1006.0,23.0
EP12,9,2026-09-07 06:00:00,198,33.2,-173.7,1007.0,29.0
EP11,9,2026-09-07 06:00:00,198,33.2,-173.7,1007.0,29.0
EP12,9,2026-09-07 06:00:00,204,32.8,-173.5,1008.0,30.0
EP11,9,2026-09-07 06:00:00,204,32.8,-173.5,1008.0,30.0
EP12,9,2026-09-07 06:00:00,210,31.3,-173.9,1009.0,30.0
EP11,9,2026-09-07 06:00:00,210,31.3,-173.9,1009.0,30.0
EP12,9,2026-09-07 06:00:00,216,29.7,-174.6,1010.0,29.0
EP11,9,2026-09-07 06:00:00,216,29.7,-174.6,1010.0,29.0
EP12,9,2026-09-07 06:00:00,222,28.6,-175.4,1011.0,29.0
EP11,9,2026-09-07 06:00:00,222,28.6,-175.4,1011.0,29.0
EP12,9,2026-09-07 06:00:00,228,28.1,-176.3,1011.0,28.0
EP11,9,2026-09-07 06:00:00,228,28.1,-176.3,1011.0,28.0
EP12,9,2026-09-07 06:00:00,234,27.8,-177.6,1012.0,28.0
EP11,9,2026-09-07 06:00:00,234,27.8,-177.6,1012.0,28.0
EP12,9,2026-09-07 06:00:00,240,27.5,-179.3,1012.0,28.0
EP11,9,2026-09-07 06:00:00,240,27.5,-179.3,1012.0,28.0
EP12,21,2026-09-07 06:00:00,0,16.0,-163.3,989.0,85.0
EP12,21,2026-09-07 06:00:00,0,16.0,-163.3,989.0,85.0
EP12,21,2026-09-07 06:00:00,0,16.0,-163.3,989.0,85.0
EP13,21,2026-09-07 06:00:00,0,24.4,-123.7,993.0,54.0
EP13,21,2026-09-07 06:00:00,0,24.4,-123.7,993.0,54.0
WP22,21,2026-09-07 06:00:00,0,27.5,133.1,992.0,35.0
EP11,21,2026-09-07 06:00:00,0,23.1,-146.4,1005.0,41.0
EP12,21,2026-09-07 06:00:00,6,16.8,-162.7,962.0,63.0
EP12,21,2026-09-07 06:00:00,6,16.8,-162.7,962.0,63.0
EP13,21,2026-09-07 06:00:00,6,24.7,-124.3,987.0,46.0
WP22,21,2026-09-07 06:00:00,6,28.6,133.2,989.0,31.0
EP11,21,2026-09-07 06:00:00,6,23.4,-147.1,1004.0,32.0
EP12,21,2026-09-07 06:00:00,12,18.1,-161.9,970.0,62.0
EP12,21,2026-09-07 06:00:00,12,18.1,-161.9,970.0,62.0
EP13,21,2026-09-07 06:00:00,12,25.0,-125.1,991.0,41.0
WP22,21,2026-09-07 06:00:00,12,29.7,133.2,989.0,33.0
EP11,21,2026-09-07 06:00:00,12,23.6,-148.2,1006.0,31.0
EP12,21,2026-09-07 06:00:00,18,19.6,-161.4,971.0,57.0
EP12,21,2026-09-07 06:00:00,18,19.6,-161.4,971.0,57.0
EP13,21,2026-09-07 06:00:00,18,25.2,-125.7,992.0,35.0
WP22,21,2026-09-07 06:00:00,18,31.1,133.2,993.0,31.0
EP11,21,2026-09-07 06:00:00,18,23.9,-149.5,1006.0,29.0
EP12,21,2026-09-07 06:00:00,24,21.1,-160.9,974.0,58.0
EP12,21,2026-09-07 06:00:00,24,21.1,-160.9,974.0,58.0
EP13,21,2026-09-07 06:00:00,24,25.5,-126.4,997.0,32.0
WP22,21,2026-09-07 06:00:00,24,32.3,133.5,993.0,31.0
EP11,21,2026-09-07 06:00:00,24,24.4,-151.0,1009.0,29.0
EP12,21,2026-09-07 06:00:00,30,22.6,-160.5,981.0,52.0
EP12,21,2026-09-07 06:00:00,30,22.6,-160.5,981.0,52.0
EP13,21,2026-09-07 06:00:00,30,26.0,-127.0,998.0,29.0
WP22,21,2026-09-07 06:00:00,30,33.6,134.5,997.0,30.0
EP11,21,2026-09-07 06:00:00,30,25.1,-152.4,1009.0,28.0
EP12,21,2026-09-07 06:00:00,36,23.9,-160.3,988.0,45.0
EP13,21,2026-09-07 06:00:00,36,26.8,-127.4,1002.0,28.0
WP22,21,2026-09-07 06:00:00,36,35.1,136.5,1000.0,29.0
EP11,21,2026-09-07 06:00:00,36,26.4,-154.0,1010.0,29.0
EP12,21,2026-09-07 06:00:00,42,25.2,-160.0,991.0,41.0
EP13,21,2026-09-07 06:00:00,42,27.8,-127.7,1002.0,27.0
WP22,21,2026-09-07 06:00:00,42,36.6,140.5,1002.0,33.0
EP11,21,2026-09-07 06:00:00,42,28.3,-156.3,1009.0,30.0
EP12,21,2026-09-07 06:00:00,48,26.2,-160.0,997.0,38.0
EP13,21,2026-09-07 06:00:00,48,28.9,-128.0,1006.0,26.0
WP22,21,2026-09-07 06:00:00,48,38.4,145.6,1003.0,31.0
EP11,21,2026-09-07 06:00:00,48,29.0,-159.7,1004.0,38.0
EP12,21,2026-09-07 06:00:00,54,27.3,-160.4,999.0,36.0
EP13,21,2026-09-07 06:00:00,54,30.0,-128.5,1007.0,25.0
WP22,21,2026-09-07 06:00:00,54,40.1,150.5,1005.0,30.0
EP11,21,2026-09-07 06:00:00,54,27.7,-161.1,999.0,36.0
EP12,21,2026-09-07 06:00:00,60,28.1,-161.4,1002.0,35.0
EP13,21,2026-09-07 06:00:00,60,31.2,-129.1,1012.0,22.0
WP22,21,2026-09-07 06:00:00,60,42.1,155.4,1004.0,26.0
EP11,21,2026-09-07 06:00:00,60,28.1,-161.4,1002.0,35.0
EP12,21,2026-09-07 06:00:00,66,28.6,-162.6,1003.0,33.0
EP13,21,2026-09-07 06:00:00,66,32.4,-129.6,1012.0,19.0
WP22,21,2026-09-07 06:00:00,66,45.5,160.9,1007.0,33.0
EP11,21,2026-09-07 06:00:00,66,28.6,-162.6,1003.0,33.0
EP12,21,2026-09-07 06:00:00,72,28.8,-163.8,1005.0,32.0
EP13,21,2026-09-07 06:00:00,72,33.3,-130.1,1015.0,18.0
EP11,21,2026-09-07 06:00:00,72,28.8,-163.8,1005.0,32.0
EP12,21,2026-09-07 06:00:00,78,28.9,-165.3,1007.0,30.0
EP13,21,2026-09-07 06:00:00,78,34.0,-130.4,1016.0,16.0
EP11,21,2026-09-07 06:00:00,78,28.9,-165.3,1007.0,30.0
EP12,21,2026-09-07 06:00:00,84,28.8,-166.9,1008.0,29.0
EP13,21,2026-09-07 06:00:00,84,34.6,-130.3,1018.0,14.0
EP11,21,2026-09-07 06:00:00,84,28.8,-166.9,1008.0,29.0
EP12,21,2026-09-07 06:00:00,90,28.9,-168.4,1009.0,26.0
EP13,21,2026-09-07 06:00:00,90,34.9,-129.6,1016.0,13.0
EP11,21,2026-09-07 06:00:00,90,28.9,-168.4,1009.0,26.0
EP12,21,2026-09-07 06:00:00,96,28.9,-169.8,1010.0,24.0
EP13,21,2026-09-07 06:00:00,96,34.8,-129.5,1017.0,14.0
EP11,21,2026-09-07 06:00:00,96,28.9,-169.8,1010.0,24.0
EP12,21,2026-09-07 06:00:00,102,28.9,-171.2,1011.0,22.0
EP13,21,2026-09-07 06:00:00,102,34.3,-127.8,1015.0,15.0
EP11,21,2026-09-07 06:00:00,102,28.9,-171.2,1011.0,22.0
EP12,21,2026-09-07 06:00:00,108,28.9,-172.5,1011.0,20.0
EP13,21,2026-09-07 06:00:00,108,33.8,-126.9,1017.0,14.0
EP11,21,2026-09-07 06:00:00,108,28.9,-172.5,1011.0,20.0
EP12,21,2026-09-07 06:00:00,114,29.0,-173.6,1011.0,18.0
EP13,21,2026-09-07 06:00:00,114,33.8,-124.6,1013.0,15.0
EP11,21,2026-09-07 06:00:00,114,29.0,-173.6,1011.0,18.0
EP12,21,2026-09-07 06:00:00,120,28.5,-174.4,1011.0,18.0
EP11,21,2026-09-07 06:00:00,120,28.5,-174.4,1011.0,18.0
EP12,21,2026-09-07 06:00:00,126,28.1,-175.4,1012.0,17.0
EP11,21,2026-09-07 06:00:00,126,28.1,-175.4,1012.0,17.0
EP12,21,2026-09-07 06:00:00,132,27.6,-176.5,1013.0,16.0
EP11,21,2026-09-07 06:00:00,132,27.6,-176.5,1013.0,16.0
EP12,21,2026-09-07 06:00:00,138,27.4,-177.6,1013.0,15.0
EP11,21,2026-09-07 06:00:00,138,27.4,-177.6,1013.0,15.0
EP12,21,2026-09-07 06:00:00,144,27.0,-178.7,1013.0,15.0
EP11,21,2026-09-07 06:00:00,144,27.0,-178.7,1013.0,15.0
EP12,21,2026-09-07 06:00:00,150,26.8,-179.7,1014.0,14.0
EP11,21,2026-09-07 06:00:00,150,26.8,-179.7,1014.0,14.0
EP12,21,2026-09-07 06:00:00,156,26.7,179.0,1014.0,13.0
EP11,21,2026-09-07 06:00:00,156,26.7,179.0,1014.0,13.0
EP12,7,2026-09-07 06:00:00,0,16.1,-163.2,989.0,84.0
EP12,7,2026-09-07 06:00:00,0,16.1,-163.2,989.0,84.0
EP12,7,2026-09-07 06:00:00,0,16.1,-163.2,989.0,84.0
EP13,7,2026-09-07 06:00:00,0,24.2,-123.9,996.0,48.0
WP22,7,2026-09-07 06:00:00,0,27.6,132.5,992.0,40.0
EP11,7,2026-09-07 06:00:00,0,23.2,-146.2,1004.0,44.0
EP12,7,2026-09-07 06:00:00,6,17.0,-162.6,960.0,55.0
EP12,7,2026-09-07 06:00:00,6,17.0,-162.6,960.0,55.0
EP13,7,2026-09-07 06:00:00,6,24.4,-124.4,991.0,37.0
WP22,7,2026-09-07 06:00:00,6,28.5,132.9,991.0,26.0
EP11,7,2026-09-07 06:00:00,6,23.5,-147.3,1002.0,32.0
EP12,7,2026-09-07 06:00:00,12,18.3,-162.0,973.0,52.0
EP12,7,2026-09-07 06:00:00,12,18.3,-162.0,973.0,52.0
EP13,7,2026-09-07 06:00:00,12,24.8,-125.1,994.0,34.0
WP22,7,2026-09-07 06:00:00,12,29.4,132.9,992.0,26.0
EP11,7,2026-09-07 06:00:00,12,23.7,-148.4,1006.0,30.0
EP12,7,2026-09-07 06:00:00,18,19.8,-161.7,976.0,45.0
EP13,7,2026-09-07 06:00:00,18,25.1,-125.9,995.0,31.0
WP22,7,2026-09-07 06:00:00,18,30.6,133.0,996.0,25.0
EP11,7,2026-09-07 06:00:00,18,24.0,-149.9,1007.0,29.0
EP12,7,2026-09-07 06:00:00,24,21.3,-161.2,986.0,42.0
EP13,7,2026-09-07 06:00:00,24,25.4,-126.6,999.0,29.0
WP22,7,2026-09-07 06:00:00,24,31.5,133.2,996.0,25.0
EP11,7,2026-09-07 06:00:00,24,24.6,-151.5,1009.0,29.0
EP12,7,2026-09-07 06:00:00,30,22.7,-160.9,988.0,39.0
EP13,7,2026-09-07 06:00:00,30,26.0,-127.4,1000.0,27.0
WP22,7,2026-09-07 06:00:00,30,32.5,133.6,999.0,25.0
EP11,7,2026-09-07 06:00:00,30,25.3,-153.2,1009.0,29.0
EP12,7,2026-09-07 06:00:00,36,24.1,-160.7,993.0,37.0
EP13,7,2026-09-07 06:00:00,36,26.8,-127.8,1003.0,26.0
WP22,7,2026-09-07 06:00:00,36,33.7,134.4,1000.0,27.0
EP11,7,2026-09-07 06:00:00,36,26.7,-154.6,1011.0,29.0
EP12,7,2026-09-07 06:00:00,42,25.3,-160.6,995.0,33.0
EP13,7,2026-09-07 06:00:00,42,27.9,-128.1,1002.0,26.0
WP22,7,2026-09-07 06:00:00,42,35.0,136.6,1004.0,26.0
EP11,7,2026-09-07 06:00:00,42,28.6,-157.0,1010.0,29.0
EP12,7,2026-09-07 06:00:00,48,26.3,-160.7,998.0,32.0
EP13,7,2026-09-07 06:00:00,48,29.2,-128.3,1006.0,25.0
WP22,7,2026-09-07 06:00:00,48,35.8,139.6,1005.0,24.0
EP11,7,2026-09-07 06:00:00,48,28.9,-160.7,1003.0,32.0
EP12,7,2026-09-07 06:00:00,54,27.1,-161.4,1001.0,31.0
EP13,7,2026-09-07 06:00:00,54,30.7,-128.8,1007.0,24.0
WP22,7,2026-09-07 06:00:00,54,37.2,143.9,1009.0,25.0
EP11,7,2026-09-07 06:00:00,54,27.7,-161.6,1001.0,31.0
EP12,7,2026-09-07 06:00:00,60,27.6,-162.4,1003.0,29.0
EP13,7,2026-09-07 06:00:00,60,32.2,-129.2,1012.0,21.0
WP22,7,2026-09-07 06:00:00,60,38.9,148.6,1009.0,25.0
EP11,7,2026-09-07 06:00:00,60,27.6,-162.4,1003.0,29.0
EP12,7,2026-09-07 06:00:00,66,27.8,-163.6,1005.0,28.0
EP13,7,2026-09-07 06:00:00,66,33.6,-130.0,1013.0,18.0
WP22,7,2026-09-07 06:00:00,66,40.0,153.0,1010.0,21.0
EP11,7,2026-09-07 06:00:00,66,27.8,-163.6,1005.0,28.0
EP12,7,2026-09-07 06:00:00,72,27.8,-164.9,1006.0,27.0
EP13,7,2026-09-07 06:00:00,72,34.8,-130.5,1016.0,19.0
EP11,7,2026-09-07 06:00:00,72,27.8,-164.9,1006.0,27.0
EP12,7,2026-09-07 06:00:00,78,27.6,-166.4,1008.0,27.0
EP13,7,2026-09-07 06:00:00,78,35.1,-131.4,1017.0,18.0
EP11,7,2026-09-07 06:00:00,78,27.6,-166.4,1008.0,27.0
EP12,7,2026-09-07 06:00:00,84,27.6,-167.9,1009.0,25.0
EP13,7,2026-09-07 06:00:00,84,35.6,-131.7,1020.0,16.0
EP11,7,2026-09-07 06:00:00,84,27.6,-167.9,1009.0,25.0
EP12,7,2026-09-07 06:00:00,90,27.6,-169.1,1009.0,23.0
EP13,7,2026-09-07 06:00:00,90,35.9,-131.2,1018.0,13.0
EP11,7,2026-09-07 06:00:00,90,27.6,-169.1,1009.0,23.0
EP12,7,2026-09-07 06:00:00,96,27.5,-170.1,1009.0,21.0
EP13,7,2026-09-07 06:00:00,96,36.0,-129.0,1019.0,13.0
EP11,7,2026-09-07 06:00:00,96,27.5,-170.1,1009.0,21.0
EP12,7,2026-09-07 06:00:00,102,27.4,-171.0,1010.0,19.0
EP13,7,2026-09-07 06:00:00,102,35.6,-127.8,1018.0,14.0
EP11,7,2026-09-07 06:00:00,102,27.4,-171.0,1010.0,19.0
EP12,7,2026-09-07 06:00:00,108,27.4,-171.7,1010.0,17.0
EP13,7,2026-09-07 06:00:00,108,36.0,-126.6,1015.0,16.0
EP11,7,2026-09-07 06:00:00,108,27.4,-171.8,1010.0,17.0
EP12,7,2026-09-07 06:00:00,114,27.4,-172.0,1010.0,17.0
EP11,7,2026-09-07 06:00:00,114,27.4,-172.0,1010.0,17.0
EP12,7,2026-09-07 06:00:00,120,27.2,-172.1,1009.0,18.0
EP11,7,2026-09-07 06:00:00,120,27.2,-172.1,1009.0,18.0
EP12,7,2026-09-07 06:00:00,126,27.2,-172.4,1009.0,15.0
EP11,7,2026-09-07 06:00:00,126,27.2,-172.4,1009.0,15.0
EP12,7,2026-09-07 06:00:00,132,28.2,-172.1,1009.0,15.0
EP11,7,2026-09-07 06:00:00,132,28.2,-172.1,1009.0,15.0
EP12,7,2026-09-07 06:00:00,138,29.0,-171.6,1009.0,18.0
EP11,7,2026-09-07 06:00:00,138,29.0,-171.6,1009.0,18.0
EP12,7,2026-09-07 06:00:00,144,28.7,-171.9,1008.0,18.0
EP11,7,2026-09-07 06:00:00,144,28.7,-171.9,1008.0,18.0
EP12,7,2026-09-07 06:00:00,150,28.5,-172.4,1009.0,19.0
EP11,7,2026-09-07 06:00:00,150,28.5,-172.4,1009.0,19.0
EP12,7,2026-09-07 06:00:00,156,28.5,-173.2,1010.0,19.0
EP11,7,2026-09-07 06:00:00,156,28.5,-173.2,1010.0,19.0
EP12,7,2026-09-07 06:00:00,162,28.4,-173.9,1010.0,19.0
EP11,7,2026-09-07 06:00:00,162,28.4,-173.9,1010.0,19.0
EP12,7,2026-09-07 06:00:00,168,28.4,-174.5,1010.0,16.0
EP11,7,2026-09-07 06:00:00,168,28.4,-174.5,1010.0,16.0
EP12,7,2026-09-07 06:00:00,174,28.4,-174.9,1011.0,16.0
EP11,7,2026-09-07 06:00:00,174,28.4,-174.9,1011.0,16.0
EP12,7,2026-09-07 06:00:00,180,29.2,-175.3,1011.0,15.0
EP11,7,2026-09-07 06:00:00,180,29.2,-175.3,1011.0,15.0
EP12,7,2026-09-07 06:00:00,186,30.2,-175.1,1011.0,20.0
EP11,7,2026-09-07 06:00:00,186,30.2,-175.1,1011.0,20.0
EP12,7,2026-09-07 06:00:00,192,31.7,-174.7,1010.0,25.0
EP11,7,2026-09-07 06:00:00,192,31.7,-174.7,1010.0,25.0
EP12,7,2026-09-07 06:00:00,198,30.7,-175.1,1010.0,25.0
EP11,7,2026-09-07 06:00:00,198,30.7,-175.1,1010.0,25.0
EP12,7,2026-09-07 06:00:00,204,29.4,-176.5,1009.0,25.0
EP11,7,2026-09-07 06:00:00,204,29.4,-176.5,1009.0,25.0
EP12,7,2026-09-07 06:00:00,210,28.4,-178.4,1010.0,26.0
EP11,7,2026-09-07 06:00:00,210,28.4,-178.4,1010.0,26.0
EP12,7,2026-09-07 06:00:00,216,28.2,179.6,1010.0,27.0
EP11,7,2026-09-07 06:00:00,216,28.2,179.6,1010.0,27.0
EP12,7,2026-09-07 06:00:00,222,27.9,177.5,1011.0,27.0
EP11,7,2026-09-07 06:00:00,222,27.9,177.5,1011.0,27.0
EP12,7,2026-09-07 06:00:00,228,27.5,175.2,1010.0,27.0
EP11,7,2026-09-07 06:00:00,228,27.5,175.2,1010.0,27.0
EP12,7,2026-09-07 06:00:00,234,26.8,173.0,1011.0,26.0
EP11,7,2026-09-07 06:00:00,234,26.8,173.0,1011.0,26.0
EP12,7,2026-09-07 06:00:00,240,26.6,171.0,1010.0,24.0
EP11,7,2026-09-07 06:00:00,240,26.6,171.0,1010.0,24.0
EP12,10,2026-09-07 06:00:00,0,15.9,-163.2,989.0,86.0
EP12,10,2026-09-07 06:00:00,0,15.9,-163.2,989.0,86.0
EP12,10,2026-09-07 06:00:00,0,15.9,-163.2,989.0,86.0
EP13,10,2026-09-07 06:00:00,0,24.1,-123.8,995.0,53.0
EP13,10,2026-09-07 06:00:00,0,24.1,-123.8,995.0,53.0
WP22,10,2026-09-07 06:00:00,0,26.9,132.8,993.0,33.0
EP11,10,2026-09-07 06:00:00,0,23.0,-146.2,1005.0,43.0
EP12,10,2026-09-07 06:00:00,6,16.6,-162.5,961.0,58.0
EP12,10,2026-09-07 06:00:00,6,16.6,-162.5,961.0,58.0
EP13,10,2026-09-07 06:00:00,6,24.3,-124.5,990.0,38.0
WP22,10,2026-09-07 06:00:00,6,27.9,133.1,994.0,25.0
EP11,10,2026-09-07 06:00:00,6,23.3,-147.3,1003.0,32.0
EP12,10,2026-09-07 06:00:00,12,17.8,-162.0,971.0,52.0
EP12,10,2026-09-07 06:00:00,12,17.8,-162.0,971.0,52.0
EP13,10,2026-09-07 06:00:00,12,24.6,-125.3,993.0,36.0
WP22,10,2026-09-07 06:00:00,12,29.0,133.0,994.0,26.0
EP11,10,2026-09-07 06:00:00,12,23.5,-148.6,1006.0,30.0
EP12,10,2026-09-07 06:00:00,18,19.2,-161.6,976.0,47.0
EP13,10,2026-09-07 06:00:00,18,24.8,-126.2,994.0,32.0
WP22,10,2026-09-07 06:00:00,18,30.1,132.8,997.0,25.0
EP11,10,2026-09-07 06:00:00,18,23.9,-150.1,1007.0,29.0
EP12,10,2026-09-07 06:00:00,24,20.5,-161.1,981.0,46.0
EP13,10,2026-09-07 06:00:00,24,25.1,-127.0,998.0,30.0
WP22,10,2026-09-07 06:00:00,24,31.2,132.8,997.0,26.0
EP11,10,2026-09-07 06:00:00,24,24.4,-151.7,1009.0,29.0
EP12,10,2026-09-07 06:00:00,30,21.9,-160.8,986.0,43.0
EP13,10,2026-09-07 06:00:00,30,25.6,-127.7,999.0,27.0
WP22,10,2026-09-07 06:00:00,30,32.3,133.2,1000.0,26.0
EP11,10,2026-09-07 06:00:00,30,25.5,-153.1,1009.0,29.0
EP12,10,2026-09-07 06:00:00,36,23.1,-160.6,992.0,35.0
EP13,10,2026-09-07 06:00:00,36,26.2,-128.3,1003.0,26.0
WP22,10,2026-09-07 06:00:00,36,33.6,134.0,1001.0,26.0
EP11,10,2026-09-07 06:00:00,36,26.7,-154.9,1011.0,28.0
EP12,10,2026-09-07 06:00:00,42,24.1,-160.5,996.0,32.0
EP13,10,2026-09-07 06:00:00,42,27.0,-128.6,1002.0,25.0
WP22,10,2026-09-07 06:00:00,42,35.0,136.4,1004.0,25.0
EP11,10,2026-09-07 06:00:00,42,27.5,-157.9,1005.0,28.0
EP12,10,2026-09-07 06:00:00,48,24.9,-160.5,999.0,30.0
EP13,10,2026-09-07 06:00:00,48,28.0,-129.0,1005.0,25.0
WP22,10,2026-09-07 06:00:00,48,35.9,139.7,1004.0,26.0
EP11,10,2026-09-07 06:00:00,48,27.0,-160.6,1000.0,30.0
EP12,10,2026-09-07 06:00:00,54,25.5,-161.1,1001.0,29.0
EP13,10,2026-09-07 06:00:00,54,29.4,-129.7,1006.0,24.0
WP22,10,2026-09-07 06:00:00,54,37.2,144.1,1009.0,26.0
EP11,10,2026-09-07 06:00:00,54,25.5,-161.1,1001.0,29.0
EP12,10,2026-09-07 06:00:00,60,25.9,-162.0,1003.0,29.0
EP13,10,2026-09-07 06:00:00,60,30.9,-130.3,1010.0,23.0
WP22,10,2026-09-07 06:00:00,60,38.4,148.7,1008.0,25.0
EP11,10,2026-09-07 06:00:00,60,25.9,-162.0,1003.0,29.0
EP12,10,2026-09-07 06:00:00,66,26.1,-163.1,1004.0,28.0
EP13,10,2026-09-07 06:00:00,66,32.4,-131.2,1011.0,21.0
WP22,10,2026-09-07 06:00:00,66,39.8,153.2,1010.0,21.0
EP11,10,2026-09-07 06:00:00,66,26.1,-163.1,1004.0,28.0
EP12,10,2026-09-07 06:00:00,72,26.1,-164.4,1005.0,27.0
EP13,10,2026-09-07 06:00:00,72,33.8,-132.1,1014.0,21.0
WP22,10,2026-09-07 06:00:00,72,41.7,157.5,1012.0,21.0
EP11,10,2026-09-07 06:00:00,72,26.1,-164.4,1005.0,27.0
EP12,10,2026-09-07 06:00:00,78,25.9,-166.0,1007.0,27.0
EP13,10,2026-09-07 06:00:00,78,34.4,-133.7,1016.0,21.0
WP22,10,2026-09-07 06:00:00,78,43.8,162.9,1014.0,19.0
EP11,10,2026-09-07 06:00:00,78,25.9,-166.0,1007.0,27.0
EP12,10,2026-09-07 06:00:00,84,25.8,-167.6,1008.0,26.0
WP22,10,2026-09-07 06:00:00,84,46.8,169.2,1012.0,23.0
EP11,10,2026-09-07 06:00:00,84,25.8,-167.6,1008.0,26.0
EP12,10,2026-09-07 06:00:00,90,25.7,-169.2,1008.0,24.0
WP22,10,2026-09-07 06:00:00,90,50.9,175.3,1010.0,25.0
EP11,10,2026-09-07 06:00:00,90,25.7,-169.2,1008.0,24.0
EP12,10,2026-09-07 06:00:00,96,25.5,-170.6,1009.0,23.0
WP22,10,2026-09-07 06:00:00,96,56.2,179.9,1007.0,26.0
EP11,10,2026-09-07 06:00:00,96,25.5,-170.6,1009.0,23.0
EP12,10,2026-09-07 06:00:00,102,25.5,-172.2,1010.0,22.0
WP22,10,2026-09-07 06:00:00,102,61.4,-177.1,1004.0,26.0
EP11,10,2026-09-07 06:00:00,102,25.5,-172.2,1010.0,22.0
EP12,10,2026-09-07 06:00:00,108,25.4,-173.6,1010.0,19.0
EP11,10,2026-09-07 06:00:00,108,25.4,-173.6,1010.0,19.0
EP12,10,2026-09-07 06:00:00,114,25.3,-174.7,1010.0,18.0
EP11,10,2026-09-07 06:00:00,114,25.3,-174.7,1010.0,18.0
EP12,10,2026-09-07 06:00:00,120,24.6,-175.8,1010.0,18.0
EP11,10,2026-09-07 06:00:00,120,24.6,-175.8,1010.0,18.0
EP12,10,2026-09-07 06:00:00,126,24.0,-176.8,1011.0,17.0
EP11,10,2026-09-07 06:00:00,126,24.0,-176.8,1011.0,17.0
EP12,10,2026-09-07 06:00:00,132,23.5,-178.4,1010.0,16.0
EP11,10,2026-09-07 06:00:00,132,23.5,-178.4,1010.0,16.0
EP12,10,2026-09-07 06:00:00,138,23.2,-179.5,1011.0,15.0
EP11,10,2026-09-07 06:00:00,138,23.2,-179.5,1011.0,15.0
EP12,10,2026-09-07 06:00:00,144,23.2,179.0,1010.0,16.0
EP11,10,2026-09-07 06:00:00,144,23.2,179.0,1010.0,16.0
EP12,10,2026-09-07 06:00:00,150,22.6,178.0,1012.0,15.0
EP11,10,2026-09-07 06:00:00,150,22.6,178.0,1012.0,15.0
EP12,25,2026-09-07 06:00:00,0,15.9,-163.1,988.0,87.0
EP12,25,2026-09-07 06:00:00,0,15.9,-163.1,988.0,87.0
EP12,25,2026-09-07 06:00:00,0,15.9,-163.1,988.0,87.0
EP13,25,2026-09-07 06:00:00,0,24.4,-123.5,995.0,51.0
EP13,25,2026-09-07 06:00:00,0,24.4,-123.5,995.0,51.0
WP22,25,2026-09-07 06:00:00,0,26.9,132.9,994.0,25.0
EP11,25,2026-09-07 06:00:00,0,23.4,-146.2,1005.0,43.0
EP12,25,2026-09-07 06:00:00,6,17.0,-162.3,959.0,71.0
EP12,25,2026-09-07 06:00:00,6,17.0,-162.3,959.0,71.0
EP12,25,2026-09-07 06:00:00,6,17.0,-162.3,959.0,71.0
EP13,25,2026-09-07 06:00:00,6,24.5,-124.1,990.0,40.0
WP22,25,2026-09-07 06:00:00,6,27.5,133.5,996.0,26.0
EP11,25,2026-09-07 06:00:00,6,23.4,-147.0,1003.0,33.0
EP12,25,2026-09-07 06:00:00,12,18.3,-161.8,966.0,68.0
EP12,25,2026-09-07 06:00:00,12,18.3,-161.8,966.0,68.0
EP12,25,2026-09-07 06:00:00,12,18.3,-161.8,966.0,68.0
EP13,25,2026-09-07 06:00:00,12,24.9,-124.7,992.0,39.0
WP22,25,2026-09-07 06:00:00,12,28.6,133.5,995.0,25.0
EP11,25,2026-09-07 06:00:00,12,23.7,-148.1,1005.0,32.0
EP12,25,2026-09-07 06:00:00,18,19.8,-161.3,966.0,64.0
EP12,25,2026-09-07 06:00:00,18,19.8,-161.3,966.0,64.0
EP12,25,2026-09-07 06:00:00,18,19.8,-161.3,966.0,64.0
EP13,25,2026-09-07 06:00:00,18,25.3,-125.5,993.0,34.0
WP22,25,2026-09-07 06:00:00,18,29.9,133.2,998.0,26.0
EP11,25,2026-09-07 06:00:00,18,24.1,-149.4,1006.0,29.0
EP12,25,2026-09-07 06:00:00,24,21.4,-160.7,972.0,62.0
EP12,25,2026-09-07 06:00:00,24,21.4,-160.7,972.0,62.0
EP13,25,2026-09-07 06:00:00,24,25.7,-126.2,998.0,32.0
WP22,25,2026-09-07 06:00:00,24,31.1,133.1,998.0,25.0
EP11,25,2026-09-07 06:00:00,24,24.6,-150.8,1008.0,29.0
EP12,25,2026-09-07 06:00:00,30,23.0,-160.5,979.0,52.0
EP12,25,2026-09-07 06:00:00,30,23.0,-160.5,979.0,52.0
EP13,25,2026-09-07 06:00:00,30,26.2,-126.8,999.0,29.0
WP22,25,2026-09-07 06:00:00,30,32.0,133.3,1001.0,25.0
EP11,25,2026-09-07 06:00:00,30,25.6,-152.3,1008.0,29.0
EP12,25,2026-09-07 06:00:00,36,24.5,-160.3,984.0,49.0
EP13,25,2026-09-07 06:00:00,36,27.2,-127.3,1002.0,29.0
WP22,25,2026-09-07 06:00:00,36,33.0,133.9,1001.0,25.0
EP11,25,2026-09-07 06:00:00,36,27.0,-153.9,1010.0,29.0
EP12,25,2026-09-07 06:00:00,42,26.0,-160.2,987.0,45.0
EP13,25,2026-09-07 06:00:00,42,28.3,-127.5,1002.0,28.0
WP22,25,2026-09-07 06:00:00,42,34.6,136.4,1005.0,27.0
EP11,25,2026-09-07 06:00:00,42,29.0,-156.0,1009.0,30.0
EP12,25,2026-09-07 06:00:00,48,27.2,-160.2,991.0,42.0
EP13,25,2026-09-07 06:00:00,48,29.7,-127.7,1006.0,26.0
WP22,25,2026-09-07 06:00:00,48,35.4,139.0,1006.0,27.0
EP11,25,2026-09-07 06:00:00,48,30.1,-159.7,1000.0,42.0
EP12,25,2026-09-07 06:00:00,54,28.3,-160.9,995.0,41.0
EP13,25,2026-09-07 06:00:00,54,31.1,-128.0,1007.0,24.0
WP22,25,2026-09-07 06:00:00,54,37.0,143.6,1011.0,27.0
EP11,25,2026-09-07 06:00:00,54,28.9,-161.5,995.0,41.0
EP12,25,2026-09-07 06:00:00,60,29.2,-161.8,998.0,39.0
EP13,25,2026-09-07 06:00:00,60,32.8,-128.2,1011.0,21.0
WP22,25,2026-09-07 06:00:00,60,37.9,147.8,1011.0,24.0
EP11,25,2026-09-07 06:00:00,60,29.2,-161.8,998.0,39.0
EP12,25,2026-09-07 06:00:00,66,29.8,-162.9,1000.0,37.0
EP13,25,2026-09-07 06:00:00,66,34.4,-128.8,1012.0,17.0
WP22,25,2026-09-07 06:00:00,66,39.4,151.6,1014.0,20.0
EP11,25,2026-09-07 06:00:00,66,29.8,-162.9,1000.0,37.0
EP12,25,2026-09-07 06:00:00,72,30.1,-163.9,1002.0,35.0
EP13,25,2026-09-07 06:00:00,72,35.8,-129.1,1016.0,16.0
WP22,25,2026-09-07 06:00:00,72,39.9,154.6,1016.0,21.0
EP11,25,2026-09-07 06:00:00,72,30.1,-163.9,1002.0,35.0
EP12,25,2026-09-07 06:00:00,78,30.4,-165.0,1004.0,33.0
EP13,25,2026-09-07 06:00:00,78,36.5,-129.6,1017.0,16.0
WP22,25,2026-09-07 06:00:00,78,40.1,158.5,1018.0,20.0
EP11,25,2026-09-07 06:00:00,78,30.4,-165.0,1004.0,33.0
EP12,25,2026-09-07 06:00:00,84,30.9,-166.1,1006.0,33.0
EP13,25,2026-09-07 06:00:00,84,37.2,-129.2,1019.0,15.0
WP22,25,2026-09-07 06:00:00,84,40.5,163.7,1018.0,23.0
EP11,25,2026-09-07 06:00:00,84,30.9,-166.1,1006.0,33.0
EP12,25,2026-09-07 06:00:00,90,31.8,-167.0,1005.0,34.0
EP13,25,2026-09-07 06:00:00,90,37.7,-128.5,1017.0,14.0
WP22,25,2026-09-07 06:00:00,90,41.3,169.9,1017.0,24.0
EP11,25,2026-09-07 06:00:00,90,31.8,-167.0,1005.0,34.0
EP12,25,2026-09-07 06:00:00,96,33.3,-167.5,1005.0,36.0
EP13,25,2026-09-07 06:00:00,96,37.6,-128.4,1018.0,15.0
WP22,25,2026-09-07 06:00:00,96,41.6,172.4,1017.0,26.0
EP11,25,2026-09-07 06:00:00,96,33.3,-167.4,1005.0,36.0
EP12,25,2026-09-07 06:00:00,102,34.9,-167.9,1003.0,42.0
EP13,25,2026-09-07 06:00:00,102,37.5,-127.8,1017.0,16.0
WP22,25,2026-09-07 06:00:00,102,40.5,172.5,1017.0,26.0
EP11,25,2026-09-07 06:00:00,102,34.9,-167.9,1003.0,42.0
EP12,25,2026-09-07 06:00:00,108,36.7,-169.0,1002.0,42.0
EP13,25,2026-09-07 06:00:00,108,36.9,-125.9,1017.0,16.0
WP22,25,2026-09-07 06:00:00,108,39.7,172.7,1017.0,25.0
EP11,25,2026-09-07 06:00:00,108,36.7,-169.0,1002.0,42.0
EP12,25,2026-09-07 06:00:00,114,38.3,-171.4,1003.0,38.0
EP13,25,2026-09-07 06:00:00,114,36.0,-123.8,1014.0,19.0
WP22,25,2026-09-07 06:00:00,114,39.5,172.2,1017.0,24.0
EP11,25,2026-09-07 06:00:00,114,38.3,-171.4,1003.0,38.0
EP12,25,2026-09-07 06:00:00,120,38.9,-174.2,1004.0,33.0
EP13,25,2026-09-07 06:00:00,120,35.5,-121.9,1010.0,19.0
WP22,25,2026-09-07 06:00:00,120,39.2,171.6,1016.0,23.0
EP11,25,2026-09-07 06:00:00,120,38.9,-174.2,1004.0,33.0
EP12,25,2026-09-07 06:00:00,126,38.6,-176.6,1007.0,27.0
EP13,25,2026-09-07 06:00:00,126,35.5,-121.4,1012.0,19.0
WP22,25,2026-09-07 06:00:00,126,38.3,171.3,1016.0,19.0
EP11,25,2026-09-07 06:00:00,126,38.6,-176.6,1007.0,27.0
EP12,25,2026-09-07 06:00:00,132,37.4,-177.8,1007.0,23.0
EP13,25,2026-09-07 06:00:00,132,35.3,-120.1,1012.0,19.0
WP22,25,2026-09-07 06:00:00,132,37.6,170.7,1015.0,17.0
EP11,25,2026-09-07 06:00:00,132,37.4,-177.8,1007.0,23.0
EP12,25,2026-09-07 06:00:00,138,35.0,-176.5,1005.0,22.0
EP13,25,2026-09-07 06:00:00,138,36.1,-118.8,1006.0,22.0
WP22,25,2026-09-07 06:00:00,138,36.6,171.2,1015.0,15.0
EP11,25,2026-09-07 06:00:00,138,35.0,-176.5,1005.0,22.0
EP12,25,2026-09-07 06:00:00,144,34.3,-174.2,1005.0,22.0
EP13,25,2026-09-07 06:00:00,144,36.8,-117.8,1009.0,9.0
WP22,25,2026-09-07 06:00:00,144,34.6,171.8,1013.0,15.0
EP11,25,2026-09-07 06:00:00,144,34.3,-174.2,1005.0,22.0
EP12,25,2026-09-07 06:00:00,150,34.1,-173.5,1005.0,23.0
EP13,25,2026-09-07 06:00:00,150,36.3,-118.2,1011.0,10.0
WP22,25,2026-09-07 06:00:00,150,31.8,174.3,1011.0,15.0
EP11,25,2026-09-07 06:00:00,150,34.1,-173.5,1005.0,23.0
EP12,25,2026-09-07 06:00:00,156,34.1,-172.9,1005.0,22.0
WP22,25,2026-09-07 06:00:00,156,30.7,175.6,1010.0,15.0
EP11,25,2026-09-07 06:00:00,156,34.1,-172.9,1005.0,22.0
EP12,25,2026-09-07 06:00:00,162,34.4,-172.0,1005.0,22.0
WP22,25,2026-09-07 06:00:00,162,29.9,175.2,1011.0,16.0
EP11,25,2026-09-07 06:00:00,162,34.4,-172.0,1005.0,22.0
EP12,25,2026-09-07 06:00:00,168,35.4,-171.3,1004.0,22.0
WP22,25,2026-09-07 06:00:00,168,29.0,175.1,1011.0,15.0
EP11,25,2026-09-07 06:00:00,168,35.4,-171.3,1004.0,22.0
EP12,25,2026-09-07 06:00:00,174,37.6,-171.4,1002.0,25.0
WP22,25,2026-09-07 06:00:00,174,28.1,175.3,1011.0,14.0
EP11,25,2026-09-07 06:00:00,174,37.6,-171.4,1002.0,25.0
EP12,25,2026-09-07 06:00:00,180,40.6,-171.9,999.0,27.0
EP11,25,2026-09-07 06:00:00,180,40.6,-171.9,999.0,27.0
EP12,25,2026-09-07 06:00:00,186,45.1,-171.7,995.0,32.0
EP11,25,2026-09-07 06:00:00,186,45.1,-171.7,995.0,32.0
EP12,25,2026-09-07 06:00:00,192,49.9,-172.5,993.0,31.0
EP11,25,2026-09-07 06:00:00,192,49.9,-172.5,993.0,31.0
EP12,25,2026-09-07 06:00:00,198,51.9,-172.7,992.0,29.0
EP11,25,2026-09-07 06:00:00,198,51.9,-172.7,992.0,29.0
EP12,25,2026-09-07 06:00:00,204,51.8,-173.5,993.0,31.0
EP11,25,2026-09-07 06:00:00,204,51.8,-173.5,993.0,31.0
EP12,25,2026-09-07 06:00:00,210,51.5,-173.6,994.0,32.0
EP11,25,2026-09-07 06:00:00,210,51.5,-173.6,994.0,32.0
EP12,25,2026-09-07 06:00:00,216,52.0,-173.7,992.0,36.0
EP11,25,2026-09-07 06:00:00,216,52.0,-173.7,992.0,36.0
EP12,25,2026-09-07 06:00:00,222,52.8,-173.6,993.0,33.0
EP11,25,2026-09-07 06:00:00,222,52.8,-173.6,993.0,33.0
EP12,25,2026-09-07 06:00:00,228,53.6,-173.8,994.0,29.0
EP11,25,2026-09-07 06:00:00,228,53.6,-173.8,994.0,29.0
EP12,25,2026-09-07 06:00:00,234,54.5,-173.7,995.0,28.0
EP11,25,2026-09-07 06:00:00,234,54.5,-173.7,995.0,28.0
EP12,25,2026-09-07 06:00:00,240,55.9,-173.1,997.0,26.0
EP11,25,2026-09-07 06:00:00,240,55.9,-173.1,997.0,26.0
EP12,12,2026-09-07 06:00:00,0,15.9,-163.5,990.0,78.0
EP12,12,2026-09-07 06:00:00,0,15.9,-163.5,990.0,78.0
EP12,12,2026-09-07 06:00:00,0,15.9,-163.5,990.0,78.0
EP13,12,2026-09-07 06:00:00,0,24.2,-123.9,994.0,50.0
WP22,12,2026-09-07 06:00:00,0,26.9,132.7,993.0,32.0
EP11,12,2026-09-07 06:00:00,0,23.0,-146.6,1004.0,44.0
EP12,12,2026-09-07 06:00:00,6,16.5,-163.1,967.0,55.0
EP12,12,2026-09-07 06:00:00,6,16.5,-163.1,967.0,55.0
EP13,12,2026-09-07 06:00:00,6,24.4,-124.6,991.0,38.0
WP22,12,2026-09-07 06:00:00,6,27.8,133.0,993.0,25.0
EP11,12,2026-09-07 06:00:00,6,23.2,-147.7,1002.0,32.0
EP12,12,2026-09-07 06:00:00,12,17.7,-162.5,969.0,49.0
EP13,12,2026-09-07 06:00:00,12,24.7,-125.3,993.0,35.0
WP22,12,2026-09-07 06:00:00,12,28.7,132.8,994.0,25.0
EP11,12,2026-09-07 06:00:00,12,23.4,-148.9,1006.0,31.0
EP12,12,2026-09-07 06:00:00,18,18.8,-162.2,977.0,45.0
EP13,12,2026-09-07 06:00:00,18,25.0,-126.1,994.0,31.0
WP22,12,2026-09-07 06:00:00,18,29.7,132.3,997.0,24.0
EP11,12,2026-09-07 06:00:00,18,23.7,-150.3,1007.0,30.0
EP12,12,2026-09-07 06:00:00,24,20.1,-161.7,980.0,46.0
EP13,12,2026-09-07 06:00:00,24,25.3,-126.8,999.0,29.0
WP22,12,2026-09-07 06:00:00,24,30.6,132.1,997.0,24.0
EP11,12,2026-09-07 06:00:00,24,24.1,-151.8,1009.0,29.0
EP12,12,2026-09-07 06:00:00,30,21.3,-161.5,981.0,45.0
EP13,12,2026-09-07 06:00:00,30,25.8,-127.5,1000.0,27.0
WP22,12,2026-09-07 06:00:00,30,31.3,132.0,999.0,26.0
EP11,12,2026-09-07 06:00:00,30,24.9,-153.6,1009.0,28.0
EP12,12,2026-09-07 06:00:00,36,22.4,-161.3,988.0,40.0
EP13,12,2026-09-07 06:00:00,36,26.5,-128.1,1003.0,26.0
WP22,12,2026-09-07 06:00:00,36,32.2,132.2,1000.0,29.0
EP11,12,2026-09-07 06:00:00,36,26.1,-155.0,1011.0,28.0
EP12,12,2026-09-07 06:00:00,42,23.4,-161.1,992.0,34.0
EP13,12,2026-09-07 06:00:00,42,27.3,-128.5,1003.0,25.0
WP22,12,2026-09-07 06:00:00,42,33.2,132.8,1004.0,31.0
EP11,12,2026-09-07 06:00:00,42,27.6,-157.1,1010.0,27.0
EP12,12,2026-09-07 06:00:00,48,24.1,-160.9,997.0,31.0
EP13,12,2026-09-07 06:00:00,48,28.2,-128.9,1006.0,25.0
WP22,12,2026-09-07 06:00:00,48,33.5,133.6,1005.0,28.0
EP11,12,2026-09-07 06:00:00,48,28.4,-160.0,1007.0,26.0
EP12,12,2026-09-07 06:00:00,54,24.7,-161.3,999.0,30.0
EP13,12,2026-09-07 06:00:00,54,29.4,-129.5,1007.0,24.0
WP22,12,2026-09-07 06:00:00,54,34.8,136.3,1009.0,24.0
EP11,12,2026-09-07 06:00:00,54,29.1,-161.7,1004.0,25.0
EP12,12,2026-09-07 06:00:00,60,25.3,-162.0,1002.0,30.0
EP13,12,2026-09-07 06:00:00,60,30.7,-130.3,1011.0,23.0
WP22,12,2026-09-07 06:00:00,60,35.5,137.9,1011.0,23.0
EP12,12,2026-09-07 06:00:00,66,25.7,-162.8,1002.0,29.0
EP13,12,2026-09-07 06:00:00,66,32.1,-131.2,1011.0,20.0
WP22,12,2026-09-07 06:00:00,66,36.6,141.6,1017.0,23.0
EP12,12,2026-09-07 06:00:00,72,25.8,-163.7,1003.0,28.0
EP13,12,2026-09-07 06:00:00,72,33.3,-132.2,1014.0,21.0
WP22,12,2026-09-07 06:00:00,72,37.0,145.3,1017.0,19.0
EP12,12,2026-09-07 06:00:00,78,25.9,-164.9,1004.0,27.0
EP13,12,2026-09-07 06:00:00,78,34.5,-133.2,1015.0,20.0
WP22,12,2026-09-07 06:00:00,78,37.2,147.8,1019.0,17.0
EP12,12,2026-09-07 06:00:00,84,25.9,-166.0,1006.0,26.0
EP13,12,2026-09-07 06:00:00,84,35.0,-135.0,1018.0,20.0
WP22,12,2026-09-07 06:00:00,84,37.9,149.7,1020.0,16.0
EP12,12,2026-09-07 06:00:00,90,26.1,-167.0,1006.0,24.0
EP12,12,2026-09-07 06:00:00,96,26.2,-167.8,1007.0,23.0
EP12,12,2026-09-07 06:00:00,102,26.3,-168.7,1007.0,22.0
EP12,12,2026-09-07 06:00:00,108,26.7,-169.1,1007.0,20.0
EP12,12,2026-09-07 06:00:00,114,27.7,-168.9,1007.0,21.0
EP12,12,2026-09-07 06:00:00,120,28.4,-168.4,1006.0,23.0
EP12,12,2026-09-07 06:00:00,126,29.5,-168.2,1006.0,25.0
EP12,12,2026-09-07 06:00:00,132,31.0,-168.5,1006.0,27.0
EP12,12,2026-09-07 06:00:00,138,32.0,-169.1,1006.0,28.0
EP12,12,2026-09-07 06:00:00,144,32.2,-170.4,1006.0,25.0
EP12,12,2026-09-07 06:00:00,150,32.0,-171.1,1006.0,19.0
EP12,12,2026-09-07 06:00:00,156,31.8,-171.3,1007.0,19.0
EP12,12,2026-09-07 06:00:00,162,31.7,-171.1,1007.0,18.0
EP12,12,2026-09-07 06:00:00,168,31.7,-170.6,1007.0,18.0
EP12,12,2026-09-07 06:00:00,174,31.9,-169.6,1007.0,16.0
EP12,12,2026-09-07 06:00:00,180,32.7,-168.2,1007.0,17.0
EP12,12,2026-09-07 06:00:00,186,33.8,-166.9,1006.0,20.0
EP12,12,2026-09-07 06:00:00,192,35.5,-166.2,1006.0,21.0
EP12,12,2026-09-07 06:00:00,198,37.1,-165.6,1007.0,23.0
EP12,12,2026-09-07 06:00:00,204,40.1,-164.9,1007.0,25.0
EP12,12,2026-09-07 06:00:00,210,43.9,-163.2,1005.0,28.0
EP12,12,2026-09-07 06:00:00,216,47.3,-161.6,1000.0,29.0
EP12,12,2026-09-07 06:00:00,222,51.1,-161.7,997.0,30.0
EP12,12,2026-09-07 06:00:00,228,55.0,-163.9,997.0,28.0
EP12,12,2026-09-07 06:00:00,234,56.4,-166.8,996.0,25.0
EP12,12,2026-09-07 06:00:00,240,57.1,-168.7,996.0,25.0
EP12,11,2026-09-07 06:00:00,0,16.2,-163.4,989.0,70.0
EP12,11,2026-09-07 06:00:00,0,16.2,-163.4,989.0,70.0
EP12,11,2026-09-07 06:00:00,0,16.2,-163.4,989.0,70.0
EP13,11,2026-09-07 06:00:00,0,24.4,-123.5,995.0,53.0
EP13,11,2026-09-07 06:00:00,0,24.4,-123.5,995.0,53.0
WP22,11,2026-09-07 06:00:00,0,27.7,133.0,992.0,31.0
EP11,11,2026-09-07 06:00:00,0,22.9,-146.4,1005.0,43.0
EP12,11,2026-09-07 06:00:00,6,17.0,-162.9,969.0,56.0
EP12,11,2026-09-07 06:00:00,6,17.0,-162.9,969.0,56.0
EP13,11,2026-09-07 06:00:00,6,24.7,-124.1,989.0,39.0
WP22,11,2026-09-07 06:00:00,6,28.6,133.4,994.0,25.0
EP11,11,2026-09-07 06:00:00,6,23.1,-147.6,1003.0,32.0
EP12,11,2026-09-07 06:00:00,12,18.2,-162.4,972.0,49.0
EP13,11,2026-09-07 06:00:00,12,25.0,-124.8,992.0,36.0
WP22,11,2026-09-07 06:00:00,12,29.6,133.4,994.0,24.0
EP11,11,2026-09-07 06:00:00,12,23.2,-148.9,1006.0,29.0
EP12,11,2026-09-07 06:00:00,18,19.6,-162.0,976.0,45.0
EP13,11,2026-09-07 06:00:00,18,25.3,-125.6,994.0,31.0
WP22,11,2026-09-07 06:00:00,18,30.7,133.5,997.0,24.0
EP11,11,2026-09-07 06:00:00,18,23.6,-150.4,1007.0,29.0
EP12,11,2026-09-07 06:00:00,24,21.0,-161.4,982.0,45.0
EP13,11,2026-09-07 06:00:00,24,25.6,-126.3,998.0,29.0
WP22,11,2026-09-07 06:00:00,24,31.7,133.7,997.0,25.0
EP11,11,2026-09-07 06:00:00,24,24.1,-151.9,1009.0,28.0
EP12,11,2026-09-07 06:00:00,30,22.5,-161.1,986.0,41.0
EP13,11,2026-09-07 06:00:00,30,26.1,-126.9,999.0,27.0
WP22,11,2026-09-07 06:00:00,30,32.7,134.2,1001.0,25.0
EP11,11,2026-09-07 06:00:00,30,25.2,-153.3,1009.0,29.0
EP12,11,2026-09-07 06:00:00,36,23.8,-160.8,991.0,38.0
EP13,11,2026-09-07 06:00:00,36,26.7,-127.4,1003.0,26.0
WP22,11,2026-09-07 06:00:00,36,33.8,135.2,1002.0,26.0
EP11,11,2026-09-07 06:00:00,36,26.5,-155.1,1010.0,29.0
EP12,11,2026-09-07 06:00:00,42,25.1,-160.9,994.0,34.0
EP13,11,2026-09-07 06:00:00,42,27.5,-127.8,1002.0,25.0
WP22,11,2026-09-07 06:00:00,42,35.0,137.3,1005.0,25.0
EP11,11,2026-09-07 06:00:00,42,27.1,-158.7,1001.0,34.0
EP12,11,2026-09-07 06:00:00,48,26.1,-161.1,998.0,32.0
EP13,11,2026-09-07 06:00:00,48,28.4,-128.1,1006.0,24.0
WP22,11,2026-09-07 06:00:00,48,35.8,140.8,1006.0,25.0
EP11,11,2026-09-07 06:00:00,48,26.1,-161.1,998.0,32.0
EP12,11,2026-09-07 06:00:00,54,26.9,-161.9,1000.0,31.0
EP13,11,2026-09-07 06:00:00,54,29.6,-128.7,1007.0,23.0
WP22,11,2026-09-07 06:00:00,54,36.7,144.5,1010.0,24.0
EP11,11,2026-09-07 06:00:00,54,26.9,-161.9,1000.0,31.0
EP12,11,2026-09-07 06:00:00,60,27.4,-162.8,1003.0,30.0
EP13,11,2026-09-07 06:00:00,60,30.9,-129.3,1011.0,21.0
WP22,11,2026-09-07 06:00:00,60,38.0,148.7,1010.0,23.0
EP11,11,2026-09-07 06:00:00,60,27.4,-162.8,1003.0,30.0
EP12,11,2026-09-07 06:00:00,66,27.8,-164.0,1004.0,29.0
EP13,11,2026-09-07 06:00:00,66,32.2,-129.9,1011.0,17.0
WP22,11,2026-09-07 06:00:00,66,38.7,152.6,1012.0,20.0
EP11,11,2026-09-07 06:00:00,66,27.8,-164.0,1004.0,29.0
EP12,11,2026-09-07 06:00:00,72,27.9,-165.3,1005.0,28.0
EP13,11,2026-09-07 06:00:00,72,33.2,-130.6,1014.0,17.0
WP22,11,2026-09-07 06:00:00,72,39.1,156.3,1013.0,20.0
EP11,11,2026-09-07 06:00:00,72,27.9,-165.3,1005.0,28.0
EP12,11,2026-09-07 06:00:00,78,27.8,-166.8,1007.0,27.0
EP13,11,2026-09-07 06:00:00,78,34.1,-131.2,1015.0,17.0
WP22,11,2026-09-07 06:00:00,78,40.3,160.1,1016.0,20.0
EP11,11,2026-09-07 06:00:00,78,27.8,-166.8,1007.0,27.0
EP12,11,2026-09-07 06:00:00,84,27.9,-168.3,1008.0,25.0
EP13,11,2026-09-07 06:00:00,84,34.6,-131.8,1018.0,17.0
WP22,11,2026-09-07 06:00:00,84,41.5,164.8,1015.0,22.0
EP11,11,2026-09-07 06:00:00,84,27.9,-168.3,1008.0,25.0
EP12,11,2026-09-07 06:00:00,90,28.0,-169.5,1009.0,24.0
EP13,11,2026-09-07 06:00:00,90,35.2,-131.8,1017.0,15.0
WP22,11,2026-09-07 06:00:00,90,42.5,170.2,1015.0,22.0
EP11,11,2026-09-07 06:00:00,90,28.0,-169.5,1009.0,24.0
EP12,11,2026-09-07 06:00:00,96,28.2,-170.4,1009.0,22.0
EP13,11,2026-09-07 06:00:00,96,35.8,-131.2,1018.0,14.0
WP22,11,2026-09-07 06:00:00,96,44.3,174.9,1015.0,23.0
EP11,11,2026-09-07 06:00:00,96,28.2,-170.4,1009.0,22.0
EP12,11,2026-09-07 06:00:00,102,28.4,-171.2,1010.0,22.0
EP13,11,2026-09-07 06:00:00,102,36.5,-129.7,1017.0,13.0
WP22,11,2026-09-07 06:00:00,102,44.5,177.2,1016.0,24.0
EP11,11,2026-09-07 06:00:00,102,28.4,-171.2,1010.0,22.0
EP12,11,2026-09-07 06:00:00,108,28.9,-171.4,1010.0,20.0
WP22,11,2026-09-07 06:00:00,108,44.4,179.5,1019.0,25.0
EP11,11,2026-09-07 06:00:00,108,28.9,-171.4,1010.0,20.0
EP12,11,2026-09-07 06:00:00,114,29.3,-171.3,1009.0,20.0
EP11,11,2026-09-07 06:00:00,114,29.3,-171.3,1009.0,20.0
EP12,11,2026-09-07 06:00:00,120,29.6,-171.0,1009.0,20.0
EP11,11,2026-09-07 06:00:00,120,29.6,-171.0,1009.0,20.0
EP12,11,2026-09-07 06:00:00,126,30.6,-170.9,1009.0,23.0
EP11,11,2026-09-07 06:00:00,126,30.6,-170.9,1009.0,23.0
EP12,11,2026-09-07 06:00:00,132,30.5,-171.2,1009.0,23.0
EP11,11,2026-09-07 06:00:00,132,30.5,-171.3,1009.0,23.0
EP12,11,2026-09-07 06:00:00,138,30.6,-172.1,1009.0,23.0
EP11,11,2026-09-07 06:00:00,138,30.6,-172.1,1009.0,23.0
EP12,11,2026-09-07 06:00:00,144,30.4,-173.3,1009.0,22.0
EP11,11,2026-09-07 06:00:00,144,30.4,-173.3,1009.0,22.0
EP12,22,2026-09-07 06:00:00,0,16.1,-163.4,990.0,79.0
EP12,22,2026-09-07 06:00:00,0,16.1,-163.4,990.0,79.0
EP12,22,2026-09-07 06:00:00,0,16.1,-163.4,990.0,79.0
EP13,22,2026-09-07 06:00:00,0,24.5,-123.8,996.0,50.0
EP13,22,2026-09-07 06:00:00,0,24.5,-123.8,996.0,50.0
WP22,22,2026-09-07 06:00:00,0,27.0,132.5,994.0,30.0
EP11,22,2026-09-07 06:00:00,0,23.0,-146.5,1004.0,40.0
EP12,22,2026-09-07 06:00:00,6,16.9,-163.0,961.0,66.0
EP12,22,2026-09-07 06:00:00,6,16.9,-163.0,961.0,66.0
EP12,22,2026-09-07 06:00:00,6,16.9,-163.0,961.0,66.0
EP13,22,2026-09-07 06:00:00,6,24.7,-124.3,992.0,39.0
WP22,22,2026-09-07 06:00:00,6,27.7,132.7,994.0,24.0
EP11,22,2026-09-07 06:00:00,6,23.2,-147.4,1003.0,33.0
EP12,22,2026-09-07 06:00:00,12,17.9,-162.4,966.0,58.0
EP12,22,2026-09-07 06:00:00,12,17.9,-162.4,966.0,58.0
EP13,22,2026-09-07 06:00:00,12,24.9,-125.0,995.0,36.0
WP22,22,2026-09-07 06:00:00,12,28.6,132.6,994.0,25.0
EP11,22,2026-09-07 06:00:00,12,23.5,-148.6,1005.0,32.0
EP12,22,2026-09-07 06:00:00,18,19.4,-161.8,971.0,58.0
EP12,22,2026-09-07 06:00:00,18,19.4,-161.8,971.0,58.0
EP13,22,2026-09-07 06:00:00,18,25.3,-125.7,995.0,32.0
WP22,22,2026-09-07 06:00:00,18,29.6,132.3,997.0,25.0
EP11,22,2026-09-07 06:00:00,18,23.9,-150.0,1006.0,31.0
EP12,22,2026-09-07 06:00:00,24,21.1,-161.1,973.0,58.0
EP12,22,2026-09-07 06:00:00,24,21.1,-161.1,973.0,58.0
EP13,22,2026-09-07 06:00:00,24,25.5,-126.4,1000.0,29.0
WP22,22,2026-09-07 06:00:00,24,30.6,132.1,997.0,25.0
EP11,22,2026-09-07 06:00:00,24,24.5,-151.4,1008.0,31.0
EP12,22,2026-09-07 06:00:00,30,22.7,-160.7,976.0,54.0
EP12,22,2026-09-07 06:00:00,30,22.7,-160.7,976.0,54.0
EP13,22,2026-09-07 06:00:00,30,25.9,-127.0,1001.0,27.0
WP22,22,2026-09-07 06:00:00,30,31.4,132.1,1000.0,26.0
EP11,22,2026-09-07 06:00:00,30,25.4,-152.9,1008.0,30.0
EP12,22,2026-09-07 06:00:00,36,24.5,-160.5,981.0,52.0
EP12,22,2026-09-07 06:00:00,36,24.5,-160.5,981.0,52.0
EP13,22,2026-09-07 06:00:00,36,26.5,-127.6,1005.0,25.0
WP22,22,2026-09-07 06:00:00,36,32.4,132.5,1000.0,32.0
EP11,22,2026-09-07 06:00:00,36,27.0,-154.4,1010.0,30.0
EP12,22,2026-09-07 06:00:00,42,26.2,-160.5,982.0,48.0
EP13,22,2026-09-07 06:00:00,42,27.3,-127.9,1004.0,24.0
WP22,22,2026-09-07 06:00:00,42,33.3,133.3,1004.0,34.0
EP11,22,2026-09-07 06:00:00,42,29.0,-157.3,1006.0,41.0
EP12,22,2026-09-07 06:00:00,48,27.4,-160.8,988.0,47.0
EP13,22,2026-09-07 06:00:00,48,28.3,-128.2,1007.0,23.0
WP22,22,2026-09-07 06:00:00,48,34.6,135.7,1006.0,26.0
EP11,22,2026-09-07 06:00:00,48,28.6,-160.4,989.0,47.0
EP12,22,2026-09-07 06:00:00,54,28.4,-161.6,991.0,43.0
EP13,22,2026-09-07 06:00:00,54,29.6,-128.6,1007.0,23.0
WP22,22,2026-09-07 06:00:00,54,35.5,137.5,1011.0,26.0
EP11,22,2026-09-07 06:00:00,54,28.4,-161.6,991.0,43.0
EP12,22,2026-09-07 06:00:00,60,29.0,-162.5,996.0,42.0
EP13,22,2026-09-07 06:00:00,60,31.1,-129.0,1011.0,22.0
WP22,22,2026-09-07 06:00:00,60,36.1,140.8,1014.0,25.0
EP11,22,2026-09-07 06:00:00,60,29.0,-162.5,996.0,42.0
EP12,22,2026-09-07 06:00:00,66,29.6,-163.6,998.0,40.0
EP13,22,2026-09-07 06:00:00,66,32.6,-129.7,1011.0,20.0
WP22,22,2026-09-07 06:00:00,66,36.9,145.9,1017.0,21.0
EP11,22,2026-09-07 06:00:00,66,29.6,-163.6,998.0,40.0
EP12,22,2026-09-07 06:00:00,72,29.9,-164.6,1001.0,39.0
EP13,22,2026-09-07 06:00:00,72,34.0,-130.2,1014.0,18.0
WP22,22,2026-09-07 06:00:00,72,37.7,149.0,1016.0,17.0
EP11,22,2026-09-07 06:00:00,72,29.9,-164.6,1001.0,39.0
EP12,22,2026-09-07 06:00:00,78,30.1,-165.8,1003.0,35.0
EP13,22,2026-09-07 06:00:00,78,34.7,-131.4,1015.0,18.0
WP22,22,2026-09-07 06:00:00,78,37.8,152.0,1019.0,16.0
EP11,22,2026-09-07 06:00:00,78,30.0,-165.8,1003.0,35.0
EP12,22,2026-09-07 06:00:00,84,30.3,-167.0,1005.0,33.0
EP13,22,2026-09-07 06:00:00,84,35.4,-132.4,1018.0,18.0
WP22,22,2026-09-07 06:00:00,84,38.5,154.9,1020.0,16.0
EP11,22,2026-09-07 06:00:00,84,30.3,-166.9,1005.0,33.0
EP12,22,2026-09-07 06:00:00,90,30.6,-167.9,1005.0,31.0
WP22,22,2026-09-07 06:00:00,90,39.5,159.5,1022.0,18.0
EP11,22,2026-09-07 06:00:00,90,30.6,-167.9,1005.0,31.0
EP12,22,2026-09-07 06:00:00,96,31.0,-168.6,1006.0,30.0
WP22,22,2026-09-07 06:00:00,96,39.4,164.5,1019.0,20.0
EP11,22,2026-09-07 06:00:00,96,31.0,-168.5,1006.0,30.0
EP12,22,2026-09-07 06:00:00,102,31.6,-169.0,1006.0,30.0
WP22,22,2026-09-07 06:00:00,102,39.9,170.0,1020.0,21.0
EP11,22,2026-09-07 06:00:00,102,31.6,-169.0,1006.0,30.0
EP12,22,2026-09-07 06:00:00,108,33.0,-168.9,1007.0,31.0
WP22,22,2026-09-07 06:00:00,108,41.0,175.2,1019.0,21.0
EP11,22,2026-09-07 06:00:00,108,33.0,-168.9,1007.0,31.0
EP12,22,2026-09-07 06:00:00,114,33.6,-169.0,1007.0,30.0
WP22,22,2026-09-07 06:00:00,114,42.8,179.6,1019.0,21.0
EP11,22,2026-09-07 06:00:00,114,33.6,-169.0,1007.0,30.0
EP12,22,2026-09-07 06:00:00,120,33.8,-169.4,1007.0,29.0
WP22,22,2026-09-07 06:00:00,120,44.8,-176.2,1018.0,20.0
EP11,22,2026-09-07 06:00:00,120,33.9,-169.4,1007.0,29.0
EP12,22,2026-09-07 06:00:00,126,33.8,-169.8,1007.0,27.0
WP22,22,2026-09-07 06:00:00,126,47.2,-172.3,1017.0,19.0
EP11,22,2026-09-07 06:00:00,126,33.8,-169.8,1007.0,27.0
EP12,22,2026-09-07 06:00:00,132,33.8,-170.1,1008.0,25.0
WP22,22,2026-09-07 06:00:00,132,48.0,-169.1,1017.0,19.0
EP11,22,2026-09-07 06:00:00,132,33.8,-170.1,1008.0,25.0
EP12,22,2026-09-07 06:00:00,138,33.9,-170.4,1008.0,23.0
WP22,22,2026-09-07 06:00:00,138,50.0,-166.3,1016.0,15.0
EP11,22,2026-09-07 06:00:00,138,33.9,-170.4,1008.0,23.0
EP12,22,2026-09-07 06:00:00,144,33.9,-170.4,1009.0,23.0
WP22,22,2026-09-07 06:00:00,144,53.5,-163.7,1014.0,18.0
EP11,22,2026-09-07 06:00:00,144,33.9,-170.4,1009.0,23.0
EP12,22,2026-09-07 06:00:00,150,34.2,-170.2,1009.0,21.0
WP22,22,2026-09-07 06:00:00,150,54.5,-161.5,1014.0,19.0
EP11,22,2026-09-07 06:00:00,150,34.2,-170.2,1009.0,21.0
EP12,22,2026-09-07 06:00:00,156,34.6,-169.8,1010.0,20.0
WP22,22,2026-09-07 06:00:00,156,54.8,-159.7,1014.0,19.0
EP11,22,2026-09-07 06:00:00,156,34.6,-169.8,1010.0,20.0
EP12,22,2026-09-07 06:00:00,162,35.0,-169.2,1009.0,20.0
WP22,22,2026-09-07 06:00:00,162,55.2,-158.8,1015.0,18.0
EP11,22,2026-09-07 06:00:00,162,35.0,-169.2,1009.0,20.0
EP12,22,2026-09-07 06:00:00,168,36.1,-168.2,1010.0,21.0
WP22,22,2026-09-07 06:00:00,168,55.1,-158.4,1015.0,18.0
EP11,22,2026-09-07 06:00:00,168,36.1,-168.2,1010.0,21.0
EP12,22,2026-09-07 06:00:00,174,38.1,-165.7,1009.0,22.0
WP22,22,2026-09-07 06:00:00,174,56.4,-157.5,1015.0,17.0
EP11,22,2026-09-07 06:00:00,174,38.1,-165.7,1009.0,22.0
EP12,22,2026-09-07 06:00:00,180,38.8,-163.7,1010.0,23.0
WP22,22,2026-09-07 06:00:00,180,56.9,-158.6,1015.0,16.0
EP11,22,2026-09-07 06:00:00,180,38.8,-163.7,1010.0,23.0
EP12,22,2026-09-07 06:00:00,186,38.6,-162.6,1012.0,22.0
WP22,22,2026-09-07 06:00:00,186,57.1,-157.7,1013.0,22.0
EP11,22,2026-09-07 06:00:00,186,38.6,-162.6,1012.0,22.0
EP12,22,2026-09-07 06:00:00,192,38.0,-161.9,1014.0,21.0
WP22,22,2026-09-07 06:00:00,192,57.3,-157.3,1010.0,25.0
EP11,22,2026-09-07 06:00:00,192,37.9,-162.0,1014.0,21.0
EP12,22,2026-09-07 06:00:00,198,37.2,-161.9,1015.0,19.0
WP22,22,2026-09-07 06:00:00,198,58.0,-158.0,1006.0,26.0
EP11,22,2026-09-07 06:00:00,198,36.1,-162.5,1015.0,19.0
EP12,22,2026-09-07 06:00:00,204,35.4,-162.8,1016.0,19.0
WP22,22,2026-09-07 06:00:00,204,59.6,-157.6,1005.0,33.0
EP11,22,2026-09-07 06:00:00,204,35.2,-163.0,1016.0,19.0
EP12,22,2026-09-07 06:00:00,210,34.2,-163.4,1015.0,16.0
WP22,22,2026-09-07 06:00:00,210,61.7,-157.1,1005.0,11.0
EP11,22,2026-09-07 06:00:00,210,34.4,-163.3,1015.0,16.0
WP22,22,2026-09-07 06:00:00,216,65.5,-155.3,1004.0,11.0
EP11,22,2026-09-07 06:00:00,216,34.9,-163.1,1016.0,15.0
WP22,22,2026-09-07 06:00:00,222,68.1,-152.1,1002.0,9.0
EP12,14,2026-09-07 06:00:00,0,16.0,-163.5,990.0,78.0
EP12,14,2026-09-07 06:00:00,0,16.0,-163.5,990.0,78.0
EP12,14,2026-09-07 06:00:00,0,16.0,-163.5,990.0,78.0
EP13,14,2026-09-07 06:00:00,0,24.4,-123.6,995.0,51.0
EP13,14,2026-09-07 06:00:00,0,24.4,-123.6,995.0,51.0
WP22,14,2026-09-07 06:00:00,0,27.8,132.7,994.0,29.0
EP11,14,2026-09-07 06:00:00,0,23.2,-146.3,1004.0,42.0
EP12,14,2026-09-07 06:00:00,6,16.8,-162.9,965.0,60.0
EP12,14,2026-09-07 06:00:00,6,16.8,-162.9,965.0,60.0
EP13,14,2026-09-07 06:00:00,6,24.5,-124.2,990.0,39.0
WP22,14,2026-09-07 06:00:00,6,28.8,132.9,995.0,24.0
EP11,14,2026-09-07 06:00:00,6,23.4,-147.5,1002.0,33.0
EP12,14,2026-09-07 06:00:00,12,17.9,-162.4,967.0,51.0
EP12,14,2026-09-07 06:00:00,12,17.9,-162.4,967.0,51.0
EP13,14,2026-09-07 06:00:00,12,24.9,-125.0,993.0,36.0
WP22,14,2026-09-07 06:00:00,12,29.8,132.8,995.0,24.0
EP11,14,2026-09-07 06:00:00,12,23.8,-148.9,1006.0,30.0
EP12,14,2026-09-07 06:00:00,18,19.3,-162.0,974.0,50.0
EP12,14,2026-09-07 06:00:00,18,19.3,-162.0,974.0,50.0
EP13,14,2026-09-07 06:00:00,18,25.1,-125.9,995.0,32.0
WP22,14,2026-09-07 06:00:00,18,30.8,132.8,997.0,24.0
EP11,14,2026-09-07 06:00:00,18,24.1,-150.4,1007.0,29.0
EP12,14,2026-09-07 06:00:00,24,20.5,-161.5,983.0,44.0
EP13,14,2026-09-07 06:00:00,24,25.3,-126.6,998.0,29.0
WP22,14,2026-09-07 06:00:00,24,31.8,133.2,997.0,25.0
EP11,14,2026-09-07 06:00:00,24,24.7,-152.1,1009.0,29.0
EP12,14,2026-09-07 06:00:00,30,21.9,-161.3,985.0,43.0
EP13,14,2026-09-07 06:00:00,30,25.7,-127.5,999.0,28.0
WP22,14,2026-09-07 06:00:00,30,32.9,133.9,1000.0,25.0
EP11,14,2026-09-07 06:00:00,30,25.9,-153.7,1009.0,29.0
EP12,14,2026-09-07 06:00:00,36,23.2,-161.1,990.0,37.0
EP13,14,2026-09-07 06:00:00,36,26.3,-128.0,1002.0,27.0
WP22,14,2026-09-07 06:00:00,36,34.2,135.2,1001.0,26.0
EP11,14,2026-09-07 06:00:00,36,27.4,-155.9,1011.0,29.0
EP12,14,2026-09-07 06:00:00,42,24.4,-161.0,994.0,34.0
EP13,14,2026-09-07 06:00:00,42,27.1,-128.3,1001.0,26.0
WP22,14,2026-09-07 06:00:00,42,35.2,137.4,1005.0,26.0
EP11,14,2026-09-07 06:00:00,42,28.5,-159.2,1005.0,28.0
EP12,14,2026-09-07 06:00:00,48,25.3,-161.1,998.0,31.0
EP13,14,2026-09-07 06:00:00,48,28.0,-128.5,1004.0,25.0
WP22,14,2026-09-07 06:00:00,48,36.8,141.9,1005.0,25.0
EP11,14,2026-09-07 06:00:00,48,29.8,-161.5,1005.0,26.0
EP12,14,2026-09-07 06:00:00,54,26.1,-161.7,1000.0,31.0
EP13,14,2026-09-07 06:00:00,54,29.4,-128.8,1005.0,24.0
WP22,14,2026-09-07 06:00:00,54,37.9,145.9,1009.0,25.0
EP12,14,2026-09-07 06:00:00,60,26.6,-162.5,1003.0,29.0
EP13,14,2026-09-07 06:00:00,60,31.0,-129.2,1009.0,22.0
WP22,14,2026-09-07 06:00:00,60,39.2,150.6,1008.0,25.0
EP12,14,2026-09-07 06:00:00,66,27.0,-163.5,1004.0,28.0
EP13,14,2026-09-07 06:00:00,66,32.6,-129.8,1010.0,19.0
WP22,14,2026-09-07 06:00:00,66,41.0,155.6,1010.0,21.0
EP12,14,2026-09-07 06:00:00,72,27.0,-164.7,1005.0,26.0
EP13,14,2026-09-07 06:00:00,72,34.1,-130.6,1013.0,19.0
WP22,14,2026-09-07 06:00:00,72,44.0,161.2,1009.0,20.0
EP12,14,2026-09-07 06:00:00,78,27.0,-166.1,1007.0,26.0
EP13,14,2026-09-07 06:00:00,78,35.0,-131.9,1015.0,19.0
WP22,14,2026-09-07 06:00:00,78,47.7,167.9,1007.0,28.0
EP12,14,2026-09-07 06:00:00,84,27.0,-167.5,1008.0,24.0
EP13,14,2026-09-07 06:00:00,84,35.8,-133.1,1018.0,19.0
WP22,14,2026-09-07 06:00:00,84,51.4,174.3,1006.0,26.0
EP12,14,2026-09-07 06:00:00,90,27.0,-168.8,1008.0,22.0
EP13,14,2026-09-07 06:00:00,90,36.4,-134.2,1017.0,17.0
WP22,14,2026-09-07 06:00:00,90,55.5,177.5,1004.0,27.0
EP12,14,2026-09-07 06:00:00,96,26.9,-169.9,1008.0,20.0
WP22,14,2026-09-07 06:00:00,96,60.1,179.7,1000.0,26.0
EP12,14,2026-09-07 06:00:00,102,26.7,-171.0,1009.0,19.0
WP22,14,2026-09-07 06:00:00,102,65.3,-179.2,996.0,24.0
EP12,14,2026-09-07 06:00:00,108,26.6,-171.9,1009.0,17.0
WP22,14,2026-09-07 06:00:00,108,69.5,-176.8,991.0,25.0
EP12,14,2026-09-07 06:00:00,114,26.5,-172.5,1009.0,18.0
WP22,14,2026-09-07 06:00:00,114,73.3,-174.8,989.0,23.0
EP12,14,2026-09-07 06:00:00,120,26.2,-173.1,1009.0,19.0
WP22,14,2026-09-07 06:00:00,120,76.4,-175.6,986.0,22.0
EP12,14,2026-09-07 06:00:00,126,25.7,-173.8,1010.0,17.0
WP22,14,2026-09-07 06:00:00,126,77.2,-177.1,984.0,23.0
EP12,14,2026-09-07 06:00:00,132,25.3,-174.5,1010.0,16.0
WP22,14,2026-09-07 06:00:00,132,77.5,-177.0,982.0,22.0
EP12,14,2026-09-07 06:00:00,138,24.8,-174.9,1010.0,15.0
WP22,14,2026-09-07 06:00:00,138,77.5,-176.1,983.0,24.0
EP12,14,2026-09-07 06:00:00,144,24.3,-175.6,1010.0,16.0
WP22,14,2026-09-07 06:00:00,144,77.5,-172.7,985.0,24.0
EP12,14,2026-09-07 06:00:00,150,23.8,-176.2,1011.0,14.0
WP22,14,2026-09-07 06:00:00,150,78.0,-166.5,987.0,23.0
EP12,14,2026-09-07 06:00:00,156,23.3,-176.9,1010.0,12.0
WP22,14,2026-09-07 06:00:00,156,78.6,-158.0,989.0,22.0
EP12,14,2026-09-07 06:00:00,162,22.8,-177.5,1011.0,11.0
WP22,14,2026-09-07 06:00:00,162,79.2,-149.8,992.0,20.0
WP22,14,2026-09-07 06:00:00,168,79.4,-141.9,995.0,17.0
WP22,14,2026-09-07 06:00:00,174,79.3,-134.5,996.0,15.0
WP22,14,2026-09-07 06:00:00,180,78.9,-126.5,997.0,14.0
WP22,14,2026-09-07 06:00:00,186,78.5,-118.1,997.0,14.0
WP22,14,2026-09-07 06:00:00,192,77.7,-110.0,996.0,13.0
WP22,14,2026-09-07 06:00:00,198,76.4,-103.3,995.0,15.0
WP22,14,2026-09-07 06:00:00,204,75.0,-97.3,994.0,16.0
WP22,14,2026-09-07 06:00:00,210,73.9,-93.6,994.0,18.0
WP22,14,2026-09-07 06:00:00,216,72.8,-90.0,994.0,18.0
WP22,14,2026-09-07 06:00:00,222,71.8,-88.8,995.0,19.0
WP22,14,2026-09-07 06:00:00,228,70.8,-87.5,997.0,20.0
WP22,14,2026-09-07 06:00:00,234,69.9,-85.8,999.0,23.0
WP22,14,2026-09-07 06:00:00,240,68.8,-83.8,1000.0,22.0
EP12,0,2026-09-07 06:00:00,0,16.0,-163.3,989.0,79.0
EP12,0,2026-09-07 06:00:00,0,16.0,-163.3,989.0,79.0
EP12,0,2026-09-07 06:00:00,0,16.0,-163.3,989.0,79.0
EP13,0,2026-09-07 06:00:00,0,24.3,-123.7,995.0,50.0
WP22,0,2026-09-07 06:00:00,0,27.2,132.7,993.0,29.0
EP11,0,2026-09-07 06:00:00,0,23.1,-146.4,1004.0,42.0
EP12,0,2026-09-07 06:00:00,6,16.8,-162.8,962.0,55.0
EP12,0,2026-09-07 06:00:00,6,16.8,-162.8,962.0,55.0
EP13,0,2026-09-07 06:00:00,6,24.5,-124.4,990.0,38.0
WP22,0,2026-09-07 06:00:00,6,28.1,133.0,994.0,24.0
EP11,0,2026-09-07 06:00:00,6,23.3,-147.5,1003.0,32.0
EP12,0,2026-09-07 06:00:00,12,18.0,-162.2,968.0,51.0
EP12,0,2026-09-07 06:00:00,12,18.0,-162.2,968.0,51.0
EP13,0,2026-09-07 06:00:00,12,24.8,-125.1,993.0,35.0
WP22,0,2026-09-07 06:00:00,12,29.0,132.8,994.0,24.0
EP11,0,2026-09-07 06:00:00,12,23.5,-148.8,1006.0,30.0
EP12,0,2026-09-07 06:00:00,18,19.5,-161.8,975.0,46.0
EP13,0,2026-09-07 06:00:00,18,25.1,-125.9,994.0,31.0
WP22,0,2026-09-07 06:00:00,18,30.0,132.6,997.0,23.0
EP11,0,2026-09-07 06:00:00,18,23.9,-150.2,1007.0,29.0
EP12,0,2026-09-07 06:00:00,24,20.8,-161.2,982.0,44.0
EP13,0,2026-09-07 06:00:00,24,25.3,-126.6,998.0,29.0
WP22,0,2026-09-07 06:00:00,24,30.9,132.6,997.0,24.0
EP11,0,2026-09-07 06:00:00,24,24.4,-151.8,1009.0,28.0
EP12,0,2026-09-07 06:00:00,30,22.3,-160.9,986.0,41.0
EP13,0,2026-09-07 06:00:00,30,25.8,-127.3,999.0,27.0
WP22,0,2026-09-07 06:00:00,30,31.8,132.9,1000.0,24.0
EP11,0,2026-09-07 06:00:00,30,25.5,-153.3,1009.0,29.0
EP12,0,2026-09-07 06:00:00,36,23.6,-160.7,991.0,38.0
EP13,0,2026-09-07 06:00:00,36,26.4,-127.8,1003.0,26.0
WP22,0,2026-09-07 06:00:00,36,32.8,133.3,1000.0,28.0
EP11,0,2026-09-07 06:00:00,36,26.9,-155.2,1011.0,29.0
EP12,0,2026-09-07 06:00:00,42,24.8,-160.6,994.0,34.0
EP13,0,2026-09-07 06:00:00,42,27.2,-128.2,1002.0,25.0
WP22,0,2026-09-07 06:00:00,42,33.7,134.5,1004.0,26.0
EP11,0,2026-09-07 06:00:00,42,27.4,-158.9,1004.0,34.0
EP12,0,2026-09-07 06:00:00,48,25.7,-160.7,998.0,31.0
EP13,0,2026-09-07 06:00:00,48,28.2,-128.5,1006.0,25.0
WP22,0,2026-09-07 06:00:00,48,35.0,136.9,1005.0,24.0
EP11,0,2026-09-07 06:00:00,48,26.1,-160.7,998.0,31.0
EP12,0,2026-09-07 06:00:00,54,26.5,-161.3,1000.0,30.0
EP13,0,2026-09-07 06:00:00,54,29.5,-129.0,1007.0,24.0
WP22,0,2026-09-07 06:00:00,54,35.2,138.4,1010.0,22.0
EP11,0,2026-09-07 06:00:00,54,26.5,-161.3,1000.0,30.0
EP12,0,2026-09-07 06:00:00,60,27.1,-162.2,1003.0,30.0
EP13,0,2026-09-07 06:00:00,60,31.0,-129.6,1011.0,22.0
WP22,0,2026-09-07 06:00:00,60,36.0,142.1,1012.0,22.0
EP11,0,2026-09-07 06:00:00,60,27.1,-162.2,1003.0,30.0
EP12,0,2026-09-07 06:00:00,66,27.4,-163.3,1004.0,29.0
EP13,0,2026-09-07 06:00:00,66,32.4,-130.3,1011.0,19.0
WP22,0,2026-09-07 06:00:00,66,37.3,146.8,1016.0,19.0
EP11,0,2026-09-07 06:00:00,66,27.4,-163.3,1004.0,29.0
EP12,0,2026-09-07 06:00:00,72,27.4,-164.6,1006.0,27.0
EP13,0,2026-09-07 06:00:00,72,33.6,-131.1,1015.0,19.0
WP22,0,2026-09-07 06:00:00,72,37.9,149.7,1016.0,16.0
EP11,0,2026-09-07 06:00:00,72,27.4,-164.6,1006.0,27.0
EP12,0,2026-09-07 06:00:00,78,27.3,-166.0,1007.0,27.0
EP13,0,2026-09-07 06:00:00,78,34.7,-131.8,1016.0,18.0
WP22,0,2026-09-07 06:00:00,78,38.3,153.1,1019.0,16.0
EP11,0,2026-09-07 06:00:00,78,27.3,-166.0,1007.0,27.0
EP12,0,2026-09-07 06:00:00,84,27.3,-167.4,1008.0,25.0
EP13,0,2026-09-07 06:00:00,84,35.1,-133.0,1019.0,18.0
WP22,0,2026-09-07 06:00:00,84,39.0,157.3,1019.0,17.0
EP11,0,2026-09-07 06:00:00,84,27.3,-167.4,1008.0,25.0
EP12,0,2026-09-07 06:00:00,90,27.4,-168.6,1009.0,22.0
EP13,0,2026-09-07 06:00:00,90,35.5,-133.7,1018.0,16.0
WP22,0,2026-09-07 06:00:00,90,40.0,161.5,1022.0,18.0
EP11,0,2026-09-07 06:00:00,90,27.3,-168.6,1009.0,22.0
EP12,0,2026-09-07 06:00:00,96,27.2,-169.6,1009.0,21.0
EP13,0,2026-09-07 06:00:00,96,36.0,-134.2,1019.0,15.0
WP22,0,2026-09-07 06:00:00,96,40.8,166.8,1021.0,19.0
EP11,0,2026-09-07 06:00:00,96,27.2,-169.6,1009.0,21.0
EP12,0,2026-09-07 06:00:00,102,27.2,-170.5,1009.0,20.0
WP22,0,2026-09-07 06:00:00,102,41.2,172.8,1020.0,21.0
EP11,0,2026-09-07 06:00:00,102,27.2,-170.5,1009.0,20.0
EP12,0,2026-09-07 06:00:00,108,27.4,-171.2,1009.0,18.0
WP22,0,2026-09-07 06:00:00,108,42.3,176.4,1019.0,22.0
EP11,0,2026-09-07 06:00:00,108,27.4,-171.2,1009.0,18.0
EP12,0,2026-09-07 06:00:00,114,27.8,-171.5,1009.0,18.0
WP22,0,2026-09-07 06:00:00,114,43.2,177.1,1020.0,22.0
EP11,0,2026-09-07 06:00:00,114,27.8,-171.5,1009.0,18.0
EP12,0,2026-09-07 06:00:00,120,28.4,-171.1,1008.0,20.0
WP22,0,2026-09-07 06:00:00,120,43.2,177.4,1019.0,22.0
EP11,0,2026-09-07 06:00:00,120,28.4,-171.1,1008.0,20.0
EP12,0,2026-09-07 06:00:00,126,29.9,-170.8,1007.0,24.0
WP22,0,2026-09-07 06:00:00,126,42.4,177.2,1018.0,21.0
EP11,0,2026-09-07 06:00:00,126,29.9,-170.8,1007.0,24.0
EP12,0,2026-09-07 06:00:00,132,32.3,-171.9,1006.0,26.0
WP22,0,2026-09-07 06:00:00,132,41.6,177.1,1017.0,21.0
EP11,0,2026-09-07 06:00:00,132,32.3,-171.8,1006.0,26.0
EP12,0,2026-09-07 06:00:00,138,32.6,-172.7,1006.0,26.0
WP22,0,2026-09-07 06:00:00,138,40.7,177.2,1016.0,20.0
EP11,0,2026-09-07 06:00:00,138,32.5,-172.7,1006.0,26.0
EP12,0,2026-09-07 06:00:00,144,32.2,-173.3,1006.0,19.0
WP22,0,2026-09-07 06:00:00,144,39.1,177.2,1014.0,20.0
EP11,0,2026-09-07 06:00:00,144,32.2,-173.3,1006.0,19.0
EP12,0,2026-09-07 06:00:00,150,31.9,-173.7,1007.0,18.0
WP22,0,2026-09-07 06:00:00,150,38.3,176.5,1015.0,19.0
EP11,0,2026-09-07 06:00:00,150,31.9,-173.7,1007.0,18.0
EP12,0,2026-09-07 06:00:00,156,31.8,-174.0,1007.0,16.0
WP22,0,2026-09-07 06:00:00,156,37.7,176.4,1014.0,20.0
EP11,0,2026-09-07 06:00:00,156,31.8,-174.0,1007.0,16.0
EP12,0,2026-09-07 06:00:00,162,31.7,-173.9,1007.0,15.0
EP11,0,2026-09-07 06:00:00,162,31.7,-173.9,1007.0,15.0
EP12,0,2026-09-07 06:00:00,168,31.8,-173.6,1007.0,15.0
EP11,0,2026-09-07 06:00:00,168,31.8,-173.6,1007.0,15.0
EP12,0,2026-09-07 06:00:00,174,32.0,-173.0,1007.0,17.0
EP11,0,2026-09-07 06:00:00,174,32.0,-173.0,1007.0,17.0
EP12,0,2026-09-07 06:00:00,180,32.7,-172.0,1007.0,17.0
EP11,0,2026-09-07 06:00:00,180,32.7,-172.0,1007.0,17.0
EP12,0,2026-09-07 06:00:00,186,34.0,-171.0,1007.0,21.0
EP11,0,2026-09-07 06:00:00,186,34.0,-171.0,1007.0,21.0
EP12,0,2026-09-07 06:00:00,192,35.6,-170.5,1007.0,29.0
EP11,0,2026-09-07 06:00:00,192,35.6,-170.5,1007.0,29.0
EP12,20,2026-09-07 06:00:00,0,16.0,-163.4,987.0,83.0
EP12,20,2026-09-07 06:00:00,0,16.0,-163.4,987.0,83.0
EP12,20,2026-09-07 06:00:00,0,16.0,-163.4,987.0,83.0
EP13,20,2026-09-07 06:00:00,0,24.4,-123.7,995.0,52.0
EP13,20,2026-09-07 06:00:00,0,24.4,-123.7,995.0,52.0
WP22,20,2026-09-07 06:00:00,0,27.0,132.6,994.0,31.0
EP11,20,2026-09-07 06:00:00,0,23.2,-146.6,1004.0,42.0
EP12,20,2026-09-07 06:00:00,6,16.7,-163.1,960.0,67.0
EP12,20,2026-09-07 06:00:00,6,16.7,-163.1,960.0,67.0
EP12,20,2026-09-07 06:00:00,6,16.7,-163.1,960.0,67.0
EP13,20,2026-09-07 06:00:00,6,24.6,-124.3,989.0,42.0
WP22,20,2026-09-07 06:00:00,6,27.6,132.6,996.0,23.0
EP11,20,2026-09-07 06:00:00,6,23.4,-147.6,1002.0,35.0
EP12,20,2026-09-07 06:00:00,12,17.9,-162.4,965.0,59.0
EP12,20,2026-09-07 06:00:00,12,17.9,-162.4,965.0,59.0
EP13,20,2026-09-07 06:00:00,12,24.9,-125.1,992.0,38.0
WP22,20,2026-09-07 06:00:00,12,28.5,132.3,995.0,24.0
EP11,20,2026-09-07 06:00:00,12,23.6,-148.8,1005.0,32.0
EP12,20,2026-09-07 06:00:00,18,19.4,-161.9,968.0,61.0
EP12,20,2026-09-07 06:00:00,18,19.4,-161.9,968.0,61.0
EP13,20,2026-09-07 06:00:00,18,25.1,-125.9,994.0,34.0
WP22,20,2026-09-07 06:00:00,18,29.4,131.8,998.0,24.0
EP11,20,2026-09-07 06:00:00,18,24.0,-150.2,1006.0,30.0
EP12,20,2026-09-07 06:00:00,24,20.8,-161.4,972.0,57.0
EP12,20,2026-09-07 06:00:00,24,20.8,-161.4,972.0,57.0
EP13,20,2026-09-07 06:00:00,24,25.3,-126.5,998.0,30.0
WP22,20,2026-09-07 06:00:00,24,30.3,131.6,997.0,23.0
EP11,20,2026-09-07 06:00:00,24,24.6,-151.8,1008.0,30.0
EP12,20,2026-09-07 06:00:00,30,22.2,-161.1,975.0,59.0
EP12,20,2026-09-07 06:00:00,30,22.2,-161.1,975.0,59.0
EP13,20,2026-09-07 06:00:00,30,25.7,-127.1,999.0,28.0
WP22,20,2026-09-07 06:00:00,30,30.9,131.6,1000.0,29.0
EP11,20,2026-09-07 06:00:00,30,25.5,-153.4,1008.0,29.0
EP12,20,2026-09-07 06:00:00,36,23.6,-160.9,981.0,52.0
EP12,20,2026-09-07 06:00:00,36,23.6,-160.9,981.0,52.0
EP13,20,2026-09-07 06:00:00,36,26.4,-127.5,1003.0,28.0
WP22,20,2026-09-07 06:00:00,36,31.7,131.6,1000.0,32.0
EP11,20,2026-09-07 06:00:00,36,27.0,-155.0,1010.0,29.0
EP12,20,2026-09-07 06:00:00,42,24.9,-160.7,984.0,48.0
EP13,20,2026-09-07 06:00:00,42,27.2,-127.7,1002.0,26.0
WP22,20,2026-09-07 06:00:00,42,32.6,132.0,1004.0,35.0
EP11,20,2026-09-07 06:00:00,42,29.0,-157.5,1009.0,29.0
EP12,20,2026-09-07 06:00:00,48,26.1,-160.8,990.0,44.0
EP13,20,2026-09-07 06:00:00,48,28.1,-127.9,1005.0,25.0
WP22,20,2026-09-07 06:00:00,48,33.1,132.5,1005.0,36.0
EP11,20,2026-09-07 06:00:00,48,29.8,-160.7,1005.0,37.0
EP12,20,2026-09-07 06:00:00,54,27.0,-161.2,994.0,41.0
EP13,20,2026-09-07 06:00:00,54,29.3,-128.2,1006.0,23.0
WP22,20,2026-09-07 06:00:00,54,33.2,132.6,1008.0,35.0
EP11,20,2026-09-07 06:00:00,54,29.1,-162.5,995.0,41.0
EP12,20,2026-09-07 06:00:00,60,27.7,-162.1,998.0,39.0
EP13,20,2026-09-07 06:00:00,60,30.6,-128.5,1010.0,21.0
WP22,20,2026-09-07 06:00:00,60,34.2,133.0,1011.0,29.0
EP11,20,2026-09-07 06:00:00,60,27.8,-162.2,998.0,39.0
EP12,20,2026-09-07 06:00:00,66,28.2,-163.0,999.0,37.0
EP13,20,2026-09-07 06:00:00,66,31.9,-129.0,1011.0,18.0
WP22,20,2026-09-07 06:00:00,66,35.6,134.2,1012.0,26.0
EP11,20,2026-09-07 06:00:00,66,28.2,-163.0,999.0,37.0
EP12,20,2026-09-07 06:00:00,72,28.4,-164.0,1001.0,35.0
EP13,20,2026-09-07 06:00:00,72,33.2,-129.6,1014.0,16.0
WP22,20,2026-09-07 06:00:00,72,36.6,135.9,1015.0,23.0
EP11,20,2026-09-07 06:00:00,72,28.4,-164.0,1001.0,35.0
EP12,20,2026-09-07 06:00:00,78,28.6,-165.0,1003.0,33.0
EP13,20,2026-09-07 06:00:00,78,34.3,-130.3,1015.0,13.0
WP22,20,2026-09-07 06:00:00,78,37.3,136.0,1017.0,16.0
EP11,20,2026-09-07 06:00:00,78,28.6,-165.0,1003.0,33.0
EP12,20,2026-09-07 06:00:00,84,28.9,-166.0,1005.0,31.0
EP13,20,2026-09-07 06:00:00,84,35.4,-130.5,1017.0,15.0
WP22,20,2026-09-07 06:00:00,84,37.6,135.9,1017.0,12.0
EP11,20,2026-09-07 06:00:00,84,28.9,-166.0,1005.0,31.0
EP12,20,2026-09-07 06:00:00,90,29.3,-166.8,1005.0,30.0
EP13,20,2026-09-07 06:00:00,90,36.0,-130.7,1016.0,15.0
WP22,20,2026-09-07 06:00:00,90,38.3,136.3,1018.0,10.0
EP11,20,2026-09-07 06:00:00,90,29.3,-166.8,1005.0,30.0
EP12,20,2026-09-07 06:00:00,96,30.0,-167.2,1005.0,31.0
EP13,20,2026-09-07 06:00:00,96,36.4,-131.4,1017.0,15.0
EP11,20,2026-09-07 06:00:00,96,30.0,-167.3,1005.0,31.0
EP12,20,2026-09-07 06:00:00,102,31.8,-167.4,1004.0,34.0
EP11,20,2026-09-07 06:00:00,102,31.9,-167.4,1004.0,34.0
EP12,20,2026-09-07 06:00:00,108,33.4,-167.4,1002.0,37.0
EP11,20,2026-09-07 06:00:00,108,33.4,-167.4,1002.0,37.0
EP12,20,2026-09-07 06:00:00,114,34.8,-168.2,1001.0,38.0
EP11,20,2026-09-07 06:00:00,114,34.8,-168.2,1001.0,38.0
EP12,20,2026-09-07 06:00:00,120,36.1,-169.8,1003.0,37.0
EP11,20,2026-09-07 06:00:00,120,36.1,-169.8,1003.0,37.0
EP12,20,2026-09-07 06:00:00,126,37.0,-172.0,1004.0,32.0
EP11,20,2026-09-07 06:00:00,126,37.0,-172.0,1004.0,32.0
EP12,20,2026-09-07 06:00:00,132,36.9,-174.3,1006.0,27.0
EP11,20,2026-09-07 06:00:00,132,36.9,-174.3,1006.0,27.0
EP12,20,2026-09-07 06:00:00,138,36.4,-176.0,1006.0,22.0
EP11,20,2026-09-07 06:00:00,138,36.4,-176.0,1006.0,22.0
EP12,20,2026-09-07 06:00:00,144,34.4,-175.9,1006.0,20.0
EP11,20,2026-09-07 06:00:00,144,34.4,-175.9,1006.0,20.0
EP12,20,2026-09-07 06:00:00,150,32.7,-174.6,1006.0,22.0
EP11,20,2026-09-07 06:00:00,150,32.7,-174.7,1006.0,22.0
EP12,20,2026-09-07 06:00:00,156,32.7,-174.8,1006.0,22.0
EP11,20,2026-09-07 06:00:00,156,32.7,-174.8,1006.0,22.0
EP12,20,2026-09-07 06:00:00,162,32.9,-175.3,1006.0,21.0
EP11,20,2026-09-07 06:00:00,162,32.9,-175.3,1006.0,21.0
EP12,20,2026-09-07 06:00:00,168,33.3,-175.3,1007.0,18.0
EP11,20,2026-09-07 06:00:00,168,33.3,-175.3,1007.0,18.0
EP12,20,2026-09-07 06:00:00,174,33.4,-174.6,1008.0,19.0
EP11,20,2026-09-07 06:00:00,174,33.4,-174.5,1008.0,19.0
EP12,20,2026-09-07 06:00:00,180,34.5,-174.0,1008.0,18.0
EP11,20,2026-09-07 06:00:00,180,34.5,-174.0,1008.0,18.0
EP12,20,2026-09-07 06:00:00,186,36.3,-173.6,1008.0,22.0
EP11,20,2026-09-07 06:00:00,186,36.3,-173.6,1008.0,22.0
EP12,20,2026-09-07 06:00:00,192,38.8,-172.0,1009.0,23.0
EP11,20,2026-09-07 06:00:00,192,38.8,-172.0,1009.0,23.0
EP12,20,2026-09-07 06:00:00,198,42.2,-168.9,1009.0,28.0
EP11,20,2026-09-07 06:00:00,198,42.2,-169.0,1009.0,28.0
EP12,20,2026-09-07 06:00:00,204,46.2,-165.7,1010.0,30.0
EP11,20,2026-09-07 06:00:00,204,46.2,-165.7,1010.0,30.0
EP12,20,2026-09-07 06:00:00,210,48.5,-163.3,1010.0,30.0
EP11,20,2026-09-07 06:00:00,210,47.8,-163.4,1011.0,30.0
EP12,20,2026-09-07 06:00:00,216,49.8,-161.5,1012.0,29.0
EP11,20,2026-09-07 06:00:00,216,49.4,-161.6,1012.0,29.0
EP12,20,2026-09-07 06:00:00,222,52.2,-159.3,1013.0,28.0
EP12,20,2026-09-07 06:00:00,228,55.7,-157.0,1013.0,26.0
EP12,20,2026-09-07 06:00:00,234,59.6,-152.9,1010.0,24.0
EP12,-1,2026-09-07 06:00:00,0,16.0,-163.3,989.0,82.0
EP12,-1,2026-09-07 06:00:00,6,16.8,-162.8,961.0,61.0
EP12,-1,2026-09-07 06:00:00,12,18.0,-162.2,968.0,56.0
EP12,-1,2026-09-07 06:00:00,18,19.5,-161.8,972.0,53.0
EP12,-1,2026-09-07 06:00:00,24,20.9,-161.2,978.0,51.0
EP12,-1,2026-09-07 06:00:00,30,22.4,-160.9,983.0,47.0
EP12,-1,2026-09-07 06:00:00,36,23.8,-160.7,988.0,42.0
EP12,-1,2026-09-07 06:00:00,42,25.1,-160.6,991.0,39.0
EP12,-1,2026-09-07 06:00:00,48,26.1,-160.8,995.0,36.0
EP12,-1,2026-09-07 06:00:00,54,27.0,-161.4,998.0,35.0
EP12,-1,2026-09-07 06:00:00,60,27.7,-162.3,1001.0,34.0
EP12,-1,2026-09-07 06:00:00,66,28.1,-163.4,1002.0,33.0
EP12,-1,2026-09-07 06:00:00,72,28.2,-164.6,1004.0,31.0
EP12,-1,2026-09-07 06:00:00,78,28.3,-166.0,1005.0,30.0
EP12,-1,2026-09-07 06:00:00,84,28.3,-167.3,1007.0,28.0
EP12,-1,2026-09-07 06:00:00,90,28.5,-168.5,1007.0,26.0
EP12,-1,2026-09-07 06:00:00,96,28.7,-169.5,1008.0,25.0
EP12,-1,2026-09-07 06:00:00,102,29.1,-170.4,1008.0,25.0
EP12,-1,2026-09-07 06:00:00,108,29.8,-171.1,1008.0,24.0
EP12,-1,2026-09-07 06:00:00,114,30.5,-171.5,1007.0,24.0
EP12,-1,2026-09-07 06:00:00,120,31.2,-172.0,1007.0,25.0
EP12,-1,2026-09-07 06:00:00,126,31.9,-172.7,1008.0,24.0
EP12,-1,2026-09-07 06:00:00,132,32.2,-173.6,1008.0,22.0
EP12,-1,2026-09-07 06:00:00,138,32.2,-174.2,1008.0,21.0
EP12,-1,2026-09-07 06:00:00,144,32.2,-174.7,1007.0,20.0
EP12,-1,2026-09-07 06:00:00,150,32.3,-175.0,1008.0,19.0
EP12,-1,2026-09-07 06:00:00,156,32.8,-174.8,1008.0,18.0
EP12,-1,2026-09-07 06:00:00,162,34.3,-174.3,1007.0,19.0
EP12,-1,2026-09-07 06:00:00,168,34.8,-173.9,1007.0,19.0
EP12,-1,2026-09-07 06:00:00,174,35.5,-173.5,1007.0,20.0
EP12,-1,2026-09-07 06:00:00,180,36.4,-173.1,1007.0,20.0
EP12,-1,2026-09-07 06:00:00,186,37.6,-172.7,1006.0,23.0
EP12,-1,2026-09-07 06:00:00,192,40.0,-172.3,1005.0,26.0
EP12,-1,2026-09-07 06:00:00,198,41.0,-171.9,1005.0,27.0
EP12,-1,2026-09-07 06:00:00,204,42.3,-171.5,1005.0,27.0
EP12,-1,2026-09-07 06:00:00,210,43.4,-171.0,1005.0,26.0
EP12,-1,2026-09-07 06:00:00,216,45.2,-170.8,1004.0,28.0
EP12,-1,2026-09-07 06:00:00,222,46.5,-170.4,1005.0,27.0
EP12,-1,2026-09-07 06:00:00,228,47.6,-170.1,1006.0,25.0
EP12,-1,2026-09-07 06:00:00,234,50.5,-168.4,1005.0,25.0
EP12,-1,2026-09-07 06:00:00,240,51.1,-169.2,1005.0,24.0
EP13,-1,2026-09-07 06:00:00,0,24.3,-123.7,995.0,51.0
EP13,-1,2026-09-07 06:00:00,6,24.5,-124.3,990.0,40.0
EP13,-1,2026-09-07 06:00:00,12,24.9,-125.0,992.0,37.0
EP13,-1,2026-09-07 06:00:00,18,25.2,-125.8,994.0,33.0
EP13,-1,2026-09-07 06:00:00,24,25.4,-126.5,998.0,30.0
EP13,-1,2026-09-07 06:00:00,30,25.9,-127.2,999.0,28.0
EP13,-1,2026-09-07 06:00:00,36,26.6,-127.7,1003.0,27.0
EP13,-1,2026-09-07 06:00:00,42,27.4,-128.0,1002.0,26.0
EP13,-1,2026-09-07 06:00:00,48,28.4,-128.3,1006.0,25.0
EP13,-1,2026-09-07 06:00:00,54,29.7,-128.8,1007.0,24.0
EP13,-1,2026-09-07 06:00:00,60,31.1,-129.3,1011.0,22.0
EP13,-1,2026-09-07 06:00:00,66,32.5,-130.0,1011.0,19.0
EP13,-1,2026-09-07 06:00:00,72,33.6,-130.7,1015.0,18.0
EP13,-1,2026-09-07 06:00:00,78,34.4,-131.6,1016.0,18.0
EP13,-1,2026-09-07 06:00:00,84,35.0,-132.2,1018.0,17.0
EP13,-1,2026-09-07 06:00:00,90,35.4,-131.9,1017.0,15.0
EP13,-1,2026-09-07 06:00:00,96,35.6,-131.8,1018.0,15.0
EP13,-1,2026-09-07 06:00:00,102,35.5,-129.6,1016.0,14.0
WP22,-1,2026-09-07 06:00:00,0,27.2,132.7,993.0,32.0
WP22,-1,2026-09-07 06:00:00,6,28.0,133.0,993.0,26.0
WP22,-1,2026-09-07 06:00:00,12,29.0,132.9,993.0,25.0
WP22,-1,2026-09-07 06:00:00,18,30.0,132.6,996.0,25.0
WP22,-1,2026-09-07 06:00:00,24,31.0,132.6,996.0,25.0
WP22,-1,2026-09-07 06:00:00,30,31.9,132.8,999.0,26.0
WP22,-1,2026-09-07 06:00:00,36,32.9,133.4,1000.0,29.0
WP22,-1,2026-09-07 06:00:00,42,34.1,134.9,1004.0,29.0
WP22,-1,2026-09-07 06:00:00,48,35.0,137.3,1005.0,27.0
WP22,-1,2026-09-07 06:00:00,54,35.9,140.2,1009.0,26.0
WP22,-1,2026-09-07 06:00:00,60,37.0,143.4,1011.0,24.0
WP22,-1,2026-09-07 06:00:00,66,38.3,147.3,1014.0,21.0
WP22,-1,2026-09-07 06:00:00,72,38.8,149.9,1015.0,19.0
WP22,-1,2026-09-07 06:00:00,78,39.8,153.2,1017.0,18.0
WP22,-1,2026-09-07 06:00:00,84,40.6,156.4,1017.0,18.0
WP22,-1,2026-09-07 06:00:00,90,42.2,162.0,1018.0,20.0
WP22,-1,2026-09-07 06:00:00,96,43.6,168.0,1017.0,21.0
WP22,-1,2026-09-07 06:00:00,102,44.8,171.6,1017.0,22.0
WP22,-1,2026-09-07 06:00:00,108,44.5,173.3,1017.0,22.0
WP22,-1,2026-09-07 06:00:00,114,44.8,174.2,1017.0,22.0
WP22,-1,2026-09-07 06:00:00,120,44.9,175.8,1015.0,23.0
WP22,-1,2026-09-07 06:00:00,126,44.8,177.1,1014.0,22.0
WP22,-1,2026-09-07 06:00:00,132,44.1,177.5,1013.0,22.0
WP22,-1,2026-09-07 06:00:00,138,43.4,178.3,1012.0,20.0
WP22,-1,2026-09-07 06:00:00,144,43.3,179.3,1011.0,20.0
WP22,-1,2026-09-07 06:00:00,150,42.9,-178.8,1010.0,19.0
EP11,-1,2026-09-07 06:00:00,0,23.1,-146.4,1004.0,43.0
EP11,-1,2026-09-07 06:00:00,6,23.3,-147.4,1003.0,33.0
EP11,-1,2026-09-07 06:00:00,12,23.5,-148.7,1006.0,31.0
EP11,-1,2026-09-07 06:00:00,18,23.9,-150.1,1006.0,30.0
EP11,-1,2026-09-07 06:00:00,24,24.4,-151.7,1009.0,29.0
EP11,-1,2026-09-07 06:00:00,30,25.4,-153.2,1009.0,29.0
EP11,-1,2026-09-07 06:00:00,36,26.8,-155.0,1010.0,29.0
EP11,-1,2026-09-07 06:00:00,42,28.1,-158.0,1004.0,33.0
EP11,-1,2026-09-07 06:00:00,48,28.0,-160.7,999.0,35.0
EP11,-1,2026-09-07 06:00:00,54,27.4,-161.6,998.0,35.0
EP11,-1,2026-09-07 06:00:00,60,27.7,-162.3,1001.0,34.0
EP11,-1,2026-09-07 06:00:00,66,28.1,-163.4,1002.0,33.0
EP11,-1,2026-09-07 06:00:00,72,28.2,-164.6,1004.0,31.0
EP11,-1,2026-09-07 06:00:00,78,28.2,-166.0,1006.0,30.0
EP11,-1,2026-09-07 06:00:00,84,28.3,-167.4,1007.0,28.0
EP11,-1,2026-09-07 06:00:00,90,28.4,-168.6,1007.0,26.0
EP11,-1,2026-09-07 06:00:00,96,28.6,-169.5,1008.0,25.0
EP11,-1,2026-09-07 06:00:00,102,28.9,-170.4,1008.0,24.0
EP11,-1,2026-09-07 06:00:00,108,29.5,-171.1,1008.0,24.0
EP11,-1,2026-09-07 06:00:00,114,30.2,-171.5,1008.0,24.0
EP11,-1,2026-09-07 06:00:00,120,30.8,-172.0,1007.0,25.0
EP11,-1,2026-09-07 06:00:00,126,31.5,-172.6,1008.0,24.0
EP11,-1,2026-09-07 06:00:00,132,31.9,-173.6,1008.0,22.0
EP11,-1,2026-09-07 06:00:00,138,31.9,-174.2,1008.0,21.0
EP11,-1,2026-09-07 06:00:00,144,31.9,-174.6,1008.0,20.0
EP11,-1,2026-09-07 06:00:00,150,32.0,-174.9,1008.0,19.0
EP11,-1,2026-09-07 06:00:00,156,32.7,-174.8,1008.0,18.0
EP11,-1,2026-09-07 06:00:00,162,34.6,-174.1,1007.0,20.0
EP11,-1,2026-09-07 06:00:00,168,34.6,-174.0,1007.0,19.0
EP11,-1,2026-09-07 06:00:00,174,35.5,-173.6,1006.0,20.0
EP11,-1,2026-09-07 06:00:00,180,36.7,-173.2,1006.0,21.0
EP11,-1,2026-09-07 06:00:00,186,38.1,-172.7,1005.0,23.0
EP11,-1,2026-09-07 06:00:00,192,41.3,-172.2,1004.0,27.0
EP11,-1,2026-09-07 06:00:00,198,43.1,-171.9,1004.0,28.0
EP11,-1,2026-09-07 06:00:00,204,44.1,-171.3,1004.0,28.0
EP11,-1,2026-09-07 06:00:00,210,45.4,-170.8,1004.0,27.0
